,trial,click_time,click_pos,clicked_stim,clicked_stim_pos,candidate_stims,target_stim,iteration
0,0,52.39666959999998,[ 0.50555557 -0.28333333],9,3,"[24, 29, 10, 9]",0,-1
1,0,56.57420259999999,[-0.13263889 -0.32569444],29,1,"[24, 29, 10, 9]",0,-1
2,0,57.37331349999998,[ 0.12569444 -0.33333334],10,1,"[24, 29, 10, 9]",0,-1
3,0,58.02318390000001,[-0.40833333 -0.31944445],24,0,"[24, 29, 10, 9]",0,-1
4,1,66.46837839999999,[ 0.26527777 -0.23055555],6,2,"[21, 12, 6, 7]",1,-1
5,1,67.63930889999999,[ 0.46875    -0.21597221],7,2,"[21, 12, 6, 7]",1,-1
6,1,69.90513509999998,[-0.44722223 -0.29583332],21,0,"[21, 12, 6, 7]",1,-1
7,1,70.2310442,[-0.26805556 -0.3013889 ],12,0,"[21, 12, 6, 7]",1,-1
8,2,75.2242446,[ 0.25069445 -0.19444445],0,2,"[11, 21, 0, 6]",2,-1
9,2,77.9480339,[-0.49861112 -0.26527777],11,0,"[11, 21, 0, 6]",2,-1
10,2,79.06298449999998,[ 0.425      -0.25069445],6,1,"[11, 21, 0, 6]",2,-1
11,2,79.8883014,[-0.12430555 -0.25208333],21,0,"[11, 21, 0, 6]",2,-1
12,3,95.49388119999999,[ 0.46319443 -0.2736111 ],4,3,"[5, 29, 24, 4]",3,-1
13,3,97.6668327,[ 0.09375    -0.31666666],24,2,"[5, 29, 24, 4]",3,-1
14,3,98.6987557,[-0.26597223 -0.33888888],29,1,"[5, 29, 24, 4]",3,-1
15,3,98.9950717,[-0.44722223 -0.30694443],5,0,"[5, 29, 24, 4]",3,-1
16,4,113.2099559,[ 0.09930556 -0.36319444],27,2,"[11, 3, 27, 23]",4,-1
17,4,115.576575,[-0.4826389  -0.33055556],11,0,"[11, 3, 27, 23]",4,-1
18,4,116.43250199999999,[ 0.43819445 -0.32916668],23,1,"[11, 3, 27, 23]",4,-1
19,4,117.06455719999998,[-0.03819444 -0.34166667],3,0,"[11, 3, 27, 23]",4,-1
20,5,133.00753049999997,[ 0.18611111 -0.35069445],2,2,"[0, 16, 2, 21]",5,-1
21,5,134.31062780000002,[-0.13819444 -0.3236111 ],16,1,"[0, 16, 2, 21]",5,-1
22,5,137.19720359999997,[ 0.4625     -0.32152778],21,1,"[0, 16, 2, 21]",5,-1
23,5,137.74929500000002,[-0.5090278  -0.28958333],0,0,"[0, 16, 2, 21]",5,-1
24,6,146.84528239999997,[ 0.48541668 -0.30347222],8,3,"[28, 29, 11, 8]",6,-1
25,6,147.38511719999997,[-0.44375    -0.28819445],28,0,"[28, 29, 11, 8]",6,-1
26,6,151.75206299999996,[ 0.12777779 -0.30625   ],11,1,"[28, 29, 11, 8]",6,-1
27,6,152.04905829999996,[-0.10069445 -0.2951389 ],29,0,"[28, 29, 11, 8]",6,-1
28,7,162.28822879999996,[ 0.09930556 -0.25069445],11,2,"[9, 23, 11, 12]",7,-1
29,7,163.2991414,[-0.44722223 -0.23958333],9,0,"[9, 23, 11, 12]",7,-1
30,7,164.66427169999997,[-0.12430555 -0.25625   ],23,0,"[9, 23, 11, 12]",7,-1
31,7,165.0989629,[ 0.40486112 -0.25972223],12,0,"[9, 23, 11, 12]",7,-1
32,8,186.2577872,[ 0.51458335 -0.32916668],25,3,"[0, 28, 16, 25]",8,-1
33,8,190.16675729999997,[-0.47916666 -0.34861112],0,0,"[0, 28, 16, 25]",8,-1
34,8,190.5956501,[ 0.05972222 -0.38402778],16,1,"[0, 28, 16, 25]",8,-1
35,8,190.81758509999997,[-0.13402778 -0.36597222],28,0,"[0, 28, 16, 25]",8,-1
36,9,201.22381059999998,[-0.475      -0.34861112],7,0,"[7, 20, 21, 8]",9,-1
37,9,204.16961629999997,[ 0.15972222 -0.3861111 ],21,1,"[7, 20, 21, 8]",9,-1
38,9,205.27368939999997,[ 0.40694445 -0.37916666],8,1,"[7, 20, 21, 8]",9,-1
39,9,205.5824902,[-0.15625   -0.3923611],20,0,"[7, 20, 21, 8]",9,-1
40,10,212.72947019999998,[-0.4888889  -0.38472223],12,0,"[12, 6, 28, 22]",10,-1
41,10,215.59631989999997,[ 0.43263888 -0.3826389 ],22,2,"[12, 6, 28, 22]",10,-1
42,10,215.82254109999997,[ 0.19513889 -0.3611111 ],28,1,"[12, 6, 28, 22]",10,-1
43,10,216.07827849999995,[-0.06666667 -0.3472222 ],6,0,"[12, 6, 28, 22]",10,-1
44,11,226.43556919999997,[-0.08472222 -0.375     ],24,1,"[7, 24, 3, 17]",11,-1
45,11,231.68228669999996,[ 0.20069444 -0.36944443],3,1,"[7, 24, 3, 17]",11,-1
46,11,233.6973041,[ 0.4263889  -0.36319444],17,1,"[7, 24, 3, 17]",11,-1
47,11,234.36930939999996,[-0.47430557 -0.3576389 ],7,0,"[7, 24, 3, 17]",11,-1
48,12,252.6430125,[ 0.41597223 -0.34861112],3,3,"[16, 7, 26, 3]",12,-1
49,12,256.6259862,[ 0.06805556 -0.35347223],26,2,"[16, 7, 26, 3]",12,-1
50,12,261.49786839999996,[-0.42916667 -0.33680555],16,0,"[16, 7, 26, 3]",12,-1
51,12,261.80370539999996,[-0.17986111 -0.3576389 ],7,0,"[16, 7, 26, 3]",12,-1
52,13,270.47598769999996,[-0.45208332 -0.30694443],3,0,"[3, 2, 11, 25]",13,-1
53,13,273.1110617,[-0.17777778 -0.31805557],2,0,"[3, 2, 11, 25]",13,-1
54,13,274.64098359999997,[ 0.46944445 -0.34513888],25,1,"[3, 2, 11, 25]",13,-1
55,13,274.9775563,[ 0.20069444 -0.33333334],11,0,"[3, 2, 11, 25]",13,-1
56,14,283.82768219999997,[ 0.23125    -0.22083333],26,2,"[16, 9, 26, 21]",14,-1
57,14,284.4755006,[-0.12361111 -0.27291667],9,1,"[16, 9, 26, 21]",14,-1
58,14,286.0284517,[-0.50555557 -0.30416667],16,0,"[16, 9, 26, 21]",14,-1
59,14,286.79549169999996,[ 0.48819444 -0.3090278 ],21,0,"[16, 9, 26, 21]",14,-1
60,15,306.8616477,[ 0.15763889 -0.375     ],28,2,"[16, 17, 28, 19]",15,-1
61,15,308.602352,[-0.43958333 -0.35972223],16,0,"[16, 17, 28, 19]",15,-1
62,15,310.1213203,[-0.10347223 -0.39166668],17,0,"[16, 17, 28, 19]",15,-1
63,15,311.5315882,[ 0.4173611  -0.33958334],19,0,"[16, 17, 28, 19]",15,-1
64,16,317.2431663,[ 0.53333336 -0.34444445],0,3,"[11, 9, 14, 0]",16,-1
65,16,319.9581897,[-0.08194444 -0.36180556],9,1,"[11, 9, 14, 0]",16,-1
66,16,321.33211819999997,[-0.5013889  -0.34305555],11,0,"[11, 9, 14, 0]",16,-1
67,16,322.363988,[ 0.08263889 -0.3715278 ],14,0,"[11, 9, 14, 0]",16,-1
68,17,327.9620409,[ 0.4409722  -0.34652779],3,3,"[4, 26, 9, 3]",17,-1
69,17,330.52099269999997,[ 0.28263888 -0.38333333],9,2,"[4, 26, 9, 3]",17,-1
70,17,333.8782601,[-0.24236111 -0.37569445],26,1,"[4, 26, 9, 3]",17,-1
71,17,334.1058465,[-0.43888888 -0.35416666],4,0,"[4, 26, 9, 3]",17,-1
72,18,339.6198813,[-0.4611111  -0.32430556],23,0,"[23, 8, 24, 5]",18,-1
73,18,342.10016199999995,[ 0.12708333 -0.37708333],24,1,"[23, 8, 24, 5]",18,-1
74,18,344.2361421,[-0.1625     -0.35347223],8,0,"[23, 8, 24, 5]",18,-1
75,18,344.7478013,[ 0.4125  -0.35625],5,0,"[23, 8, 24, 5]",18,-1
76,19,348.748989,[ 0.19166666 -0.35      ],20,2,"[14, 29, 20, 4]",19,-1
77,19,351.58284349999997,[ 0.47083333 -0.34375   ],4,2,"[14, 29, 20, 4]",19,-1
78,19,354.58968619999996,[-0.09027778 -0.33472222],29,1,"[14, 29, 20, 4]",19,-1
79,19,354.8845687,[-0.40833333 -0.3125    ],14,0,"[14, 29, 20, 4]",19,-1
80,20,361.9137446,[ 0.45694444 -0.3298611 ],29,3,"[0, 27, 17, 29]",20,-1
81,20,365.52361859999996,[ 0.10902778 -0.35069445],17,2,"[0, 27, 17, 29]",20,-1
82,20,365.9627911,[-0.11527777 -0.34930557],27,1,"[0, 27, 17, 29]",20,-1
83,20,366.2244646,[-0.48055556 -0.32777777],0,0,"[0, 27, 17, 29]",20,-1
84,21,372.07553629999995,[ 0.39166668 -0.3472222 ],10,3,"[2, 15, 27, 10]",21,-1
85,21,374.58145529999996,[ 0.2638889  -0.37083334],27,2,"[2, 15, 27, 10]",21,-1
86,21,376.79363409999996,[-0.2125     -0.35208333],15,1,"[2, 15, 27, 10]",21,-1
87,21,377.0244191,[-0.45625    -0.31527779],2,0,"[2, 15, 27, 10]",21,-1
88,22,383.0465418,[-0.18194444 -0.33680555],27,1,"[2, 27, 7, 26]",22,-1
89,22,386.559582,[ 0.18819444 -0.34444445],7,1,"[2, 27, 7, 26]",22,-1
90,22,386.8942128,[ 0.48958334 -0.34444445],26,1,"[2, 27, 7, 26]",22,-1
91,22,387.6764273,[-0.46319443 -0.31319445],2,0,"[2, 27, 7, 26]",22,-1
92,23,392.5293541,[-0.4763889  -0.31527779],9,0,"[9, 8, 0, 10]",23,-1
93,23,395.1963857,[ 0.22361112 -0.36458334],0,1,"[9, 8, 0, 10]",23,-1
94,23,395.487223,[-0.06319445 -0.34097221],8,0,"[9, 8, 0, 10]",23,-1
95,23,395.8301304,[ 0.51180553 -0.35416666],10,0,"[9, 8, 0, 10]",23,-1
96,24,403.098388,[ 0.52708334 -0.35416666],28,3,"[25, 7, 14, 28]",24,-1
97,24,407.62307539999995,[ 0.20347223 -0.32708332],14,2,"[25, 7, 14, 28]",24,-1
98,24,408.072982,[-0.40416667 -0.33055556],25,0,"[25, 7, 14, 28]",24,-1
99,24,408.4701113,[-0.13680555 -0.33680555],7,0,"[25, 7, 14, 28]",24,-1
100,25,426.2149925,[-0.15833333 -0.32708332],1,1,"[0, 1, 19, 24]",25,-1
101,25,428.6698368,[-0.49444443 -0.32083333],0,0,"[0, 1, 19, 24]",25,-1
102,25,430.49989919999996,[ 0.45208332 -0.3611111 ],24,1,"[0, 1, 19, 24]",25,-1
103,25,430.77910669999994,[ 0.15833333 -0.32708332],19,0,"[0, 1, 19, 24]",25,-1
104,26,441.69475509999995,[-0.42430556 -0.34652779],14,0,"[14, 0, 20, 8]",26,-1
105,26,447.06888259999994,[ 0.51805556 -0.37222221],8,2,"[14, 0, 20, 8]",26,-1
106,26,448.14458749999994,[-0.07361111 -0.36666667],0,0,"[14, 0, 20, 8]",26,-1
107,26,448.45149789999994,[ 0.2        -0.35694444],20,0,"[14, 0, 20, 8]",26,-1
108,27,463.4504799,[-0.43333334 -0.36527777],3,0,"[3, 7, 13, 29]",27,-1
109,27,472.5683943,[ 0.5208333  -0.37569445],29,2,"[3, 7, 13, 29]",27,-1
110,27,475.0213284,[-0.1388889  -0.35833332],7,0,"[3, 7, 13, 29]",27,-1
111,27,475.4685425,[ 0.08541667 -0.35208333],13,0,"[3, 7, 13, 29]",27,-1
112,28,495.0365378,[ 0.25694445 -0.3263889 ],4,2,"[17, 10, 4, 12]",28,-1
113,28,503.3949302,[-0.45694444 -0.34583333],17,0,"[17, 10, 4, 12]",28,-1
114,28,504.6948413,[-0.08819444 -0.36180556],10,0,"[17, 10, 4, 12]",28,-1
115,28,505.12582,[ 0.39375    -0.33333334],12,0,"[17, 10, 4, 12]",28,-1
116,29,509.6198656,[-0.08055556 -0.3090278 ],24,1,"[18, 24, 23, 27]",29,-1
117,29,515.847906,[ 0.21319444 -0.36666667],23,1,"[18, 24, 23, 27]",29,-1
118,29,516.9536648,[ 0.46458334 -0.39375   ],27,1,"[18, 24, 23, 27]",29,-1
119,29,517.4007323,[-0.425      -0.34166667],18,0,"[18, 24, 23, 27]",29,-1
120,30,521.1857957,[-0.12569444 -0.2888889 ],16,1,"[4, 16, 21, 29]",0,0
121,30,522.1080889,[ 0.5263889  -0.31944445],29,2,"[4, 16, 21, 29]",0,0
122,30,523.5546800999999,[ 0.25902778 -0.33194444],21,1,"[4, 16, 21, 29]",0,0
123,30,524.2495468,[-0.44375    -0.33333334],4,0,"[4, 16, 21, 29]",0,0
124,31,527.3077495,[ 0.5659722  -0.33819443],16,3,"[2, 7, 14, 16]",1,0
125,31,529.1385971,[-0.25208333 -0.35416666],7,1,"[2, 7, 14, 16]",1,0
126,31,529.6795652,[ 0.13819444 -0.37569445],14,1,"[2, 7, 14, 16]",1,0
127,31,530.015854,[-0.5034722 -0.3159722],2,0,"[2, 7, 14, 16]",1,0
128,32,532.7696907,[-0.6263889  -0.31041667],1,0,"[1, 12, 24, 28]",2,0
129,32,534.830894,[ 0.5777778  -0.35833332],28,2,"[1, 12, 24, 28]",2,0
130,32,535.2285016999999,[ 0.21180555 -0.32916668],24,1,"[1, 12, 24, 28]",2,0
131,32,535.5165935,[-0.09444445 -0.33402777],12,0,"[1, 12, 24, 28]",2,0
132,33,539.7456847,[ 0.525     -0.3090278],9,3,"[0, 4, 6, 9]",3,0
133,33,543.2773928,[ 0.18958333 -0.36666667],6,2,"[0, 4, 6, 9]",3,0
134,33,543.6423586999999,[-0.48472223 -0.29722223],0,0,"[0, 4, 6, 9]",3,0
135,33,543.8724288,[-0.1625     -0.30416667],4,0,"[0, 4, 6, 9]",3,0
136,34,547.3103881,[-0.14652778 -0.30625   ],3,1,"[2, 3, 7, 9]",4,0
137,34,548.8044438,[ 0.4798611 -0.34375  ],9,2,"[2, 3, 7, 9]",4,0
138,34,550.5693437,[ 0.12361111 -0.35902777],7,1,"[2, 3, 7, 9]",4,0
139,34,550.8332461,[-0.41597223 -0.31319445],2,0,"[2, 3, 7, 9]",4,0
140,35,557.0303979,[-0.13680555 -0.3361111 ],18,1,"[3, 18, 27, 29]",5,0
141,35,559.462271,[ 0.13958333 -0.33125   ],27,1,"[3, 18, 27, 29]",5,0
142,35,560.3602502,[-0.4875    -0.3201389],3,0,"[3, 18, 27, 29]",5,0
143,35,561.5051938,[ 0.5138889 -0.3263889],29,0,"[3, 18, 27, 29]",5,0
144,36,566.7392282,[-0.11041667 -0.3611111 ],15,1,"[10, 15, 18, 19]",6,0
145,36,566.9951416,[ 0.1423611 -0.3576389],18,1,"[10, 15, 18, 19]",6,0
146,36,568.9202147,[ 0.51180553 -0.38541666],19,1,"[10, 15, 18, 19]",6,0
147,36,569.5102031,[-0.44930556 -0.33333334],10,0,"[10, 15, 18, 19]",6,0
148,37,573.1383085,[ 0.17986111 -0.37083334],23,2,"[4, 8, 23, 26]",7,0
149,37,573.4359909,[ 0.5236111  -0.35277778],26,2,"[4, 8, 23, 26]",7,0
150,37,574.2921563,[-0.13263889 -0.36319444],8,1,"[4, 8, 23, 26]",7,0
151,37,574.5949942,[-0.4548611  -0.33541667],4,0,"[4, 8, 23, 26]",7,0
152,38,582.7291385,[ 0.55833334 -0.35625   ],29,3,"[9, 24, 26, 29]",8,0
153,38,583.1653077,[-0.09236111 -0.34513888],24,1,"[9, 24, 26, 29]",8,0
154,38,585.0049204,[ 0.15694444 -0.3548611 ],26,1,"[9, 24, 26, 29]",8,0
155,38,585.3501243,[-0.47083333 -0.3263889 ],9,0,"[9, 24, 26, 29]",8,0
156,39,594.1699646,[-0.14791666 -0.35625   ],18,1,"[11, 18, 27, 29]",9,0
157,39,594.5557828999999,[ 0.17569445 -0.3548611 ],27,1,"[11, 18, 27, 29]",9,0
158,39,595.9227898,[-0.46597221 -0.35208333],11,0,"[11, 18, 27, 29]",9,0
159,39,596.3240850999999,[ 0.41805556 -0.3826389 ],29,0,"[11, 18, 27, 29]",9,0
160,40,603.2329611,[ 0.4923611 -0.3861111],23,3,"[5, 7, 9, 23]",10,0
161,40,603.569124,[ 0.12222222 -0.3625    ],9,2,"[5, 7, 9, 23]",10,0
162,40,604.9296217,[-0.47569445 -0.3375    ],5,0,"[5, 7, 9, 23]",10,0
163,40,605.1677609,[-0.18611111 -0.35208333],7,0,"[5, 7, 9, 23]",10,0
164,41,609.1848537999999,[ 0.49375    -0.37777779],28,3,"[5, 24, 25, 28]",11,0
165,41,611.7948256,[ 0.19027779 -0.3861111 ],25,2,"[5, 24, 25, 28]",11,0
166,41,612.1495659999999,[-0.4611111  -0.36597222],5,0,"[5, 24, 25, 28]",11,0
167,41,612.3996458,[-0.12291667 -0.35625   ],24,0,"[5, 24, 25, 28]",11,0
168,42,617.1979149,[ 0.5638889  -0.37569445],29,3,"[2, 7, 21, 29]",12,0
169,42,618.5135494,[ 0.16944444 -0.38194445],21,2,"[2, 7, 21, 29]",12,0
170,42,619.8465324,[-0.55138886 -0.3375    ],2,0,"[2, 7, 21, 29]",12,0
171,42,620.1985735,[-0.16666667 -0.35069445],7,0,"[2, 7, 21, 29]",12,0
172,43,627.1317444,[-0.45972222 -0.35694444],14,0,"[14, 19, 20, 22]",13,0
173,43,629.3023475,[ 0.4861111  -0.38541666],22,2,"[14, 19, 20, 22]",13,0
174,43,629.6936575999999,[ 0.18263888 -0.35902777],20,1,"[14, 19, 20, 22]",13,0
175,43,629.9402577,[-0.14652778 -0.35416666],19,0,"[14, 19, 20, 22]",13,0
176,44,632.9435424,[-0.46458334 -0.3576389 ],1,0,"[1, 2, 3, 6]",14,0
177,44,633.5516977999999,[ 0.41944444 -0.34097221],6,2,"[1, 2, 3, 6]",14,0
178,44,635.0183604,[-0.11388889 -0.38125   ],2,0,"[1, 2, 3, 6]",14,0
179,44,635.2383443,[ 0.15       -0.37569445],3,0,"[1, 2, 3, 6]",14,0
180,45,643.3302228,[ 0.4548611 -0.3784722],21,3,"[4, 7, 12, 21]",15,0
181,45,644.1285202,[-0.17152777 -0.3472222 ],7,1,"[4, 7, 12, 21]",15,0
182,45,645.0765415,[-0.4826389  -0.35208333],4,0,"[4, 7, 12, 21]",15,0
183,45,645.3681058999999,[ 0.18333334 -0.34097221],12,0,"[4, 7, 12, 21]",15,0
184,46,650.4723933,[ 0.49097222 -0.34930557],27,3,"[2, 8, 13, 27]",16,0
185,46,654.5021075,[-0.14166667 -0.39166668],8,1,"[2, 8, 13, 27]",16,0
186,46,655.1640477,[-0.4486111  -0.36597222],2,0,"[2, 8, 13, 27]",16,0
187,46,655.4311660999999,[ 0.11736111 -0.33958334],13,0,"[2, 8, 13, 27]",16,0
188,47,658.4762713,[-0.4340278 -0.3326389],0,0,"[0, 6, 25, 28]",17,0
189,47,661.1651023,[ 0.22569445 -0.38055557],25,1,"[0, 6, 25, 28]",17,0
190,47,662.4683192,[-0.09930556 -0.37569445],6,0,"[0, 6, 25, 28]",17,0
191,47,662.7240077,[ 0.4576389  -0.38055557],28,0,"[0, 6, 25, 28]",17,0
192,48,666.5770782999999,[ 0.4798611 -0.3826389],23,3,"[4, 7, 10, 23]",18,0
193,48,670.3482635,[ 0.14722222 -0.40208334],10,2,"[4, 7, 10, 23]",18,0
194,48,670.6488479999999,[-0.52708334 -0.3861111 ],4,0,"[4, 7, 10, 23]",18,0
195,48,670.8889659,[-0.12638889 -0.37986112],7,0,"[4, 7, 10, 23]",18,0
196,49,674.5020579,[ 0.4576389  -0.40555555],20,3,"[2, 6, 9, 20]",19,0
197,49,675.0198528999999,[-0.13125    -0.42847222],6,1,"[2, 6, 9, 20]",19,0
198,49,676.0038536,[ 0.19236112 -0.38055557],9,1,"[2, 6, 9, 20]",19,0
199,49,676.3728497999999,[-0.60833335 -0.32430556],2,0,"[2, 6, 9, 20]",19,0
200,50,687.2216543,[ 0.51944447 -0.40555555],29,3,"[6, 13, 23, 29]",20,0
201,50,694.7288675,[ 0.11944444 -0.40902779],23,2,"[6, 13, 23, 29]",20,0
202,50,695.2810546,[-0.46597221 -0.38541666],6,0,"[6, 13, 23, 29]",20,0
203,50,695.4756277,[-0.21388888 -0.39305556],13,0,"[6, 13, 23, 29]",20,0
204,51,698.9720913,[ 0.47291666 -0.35347223],18,3,"[3, 7, 15, 18]",21,0
205,51,699.4535728999999,[-0.4888889  -0.31944445],3,0,"[3, 7, 15, 18]",21,0
206,51,700.0235415,[ 0.17291667 -0.36666667],15,1,"[3, 7, 15, 18]",21,0
207,51,700.2334471,[-0.15347221 -0.33125   ],7,0,"[3, 7, 15, 18]",21,0
208,52,705.0076157999999,[ 0.12569444 -0.40694445],9,2,"[0, 2, 9, 26]",22,0
209,52,705.3193815,[ 0.43819445 -0.37986112],26,2,"[0, 2, 9, 26]",22,0
210,52,705.7267015,[-0.4798611  -0.36805555],0,0,"[0, 2, 9, 26]",22,0
211,52,705.989513,[-0.12430555 -0.36458334],2,0,"[0, 2, 9, 26]",22,0
212,53,714.5047362,[ 0.46388888 -0.37361112],27,3,"[1, 4, 13, 27]",23,0
213,53,714.7204995999999,[ 0.22708334 -0.3576389 ],13,2,"[1, 4, 13, 27]",23,0
214,53,716.2052841999999,[-0.17916666 -0.35833332],4,1,"[1, 4, 13, 27]",23,0
215,53,716.4085127,[-0.5326389  -0.32222223],1,0,"[1, 4, 13, 27]",23,0
216,54,727.7245573,[-0.10763889 -0.3826389 ],11,1,"[4, 11, 12, 16]",24,0
217,54,727.9762097,[ 0.1625     -0.39444444],12,1,"[4, 11, 12, 16]",24,0
218,54,728.3072106999999,[ 0.50069445 -0.3826389 ],16,1,"[4, 11, 12, 16]",24,0
219,54,729.1469873,[-0.4236111  -0.37083334],4,0,"[4, 11, 12, 16]",24,0
220,55,735.4372889,[ 0.17916666 -0.39583334],24,2,"[9, 22, 24, 26]",25,0
221,55,736.0202224,[-0.19027779 -0.38333333],22,1,"[9, 22, 24, 26]",25,0
222,55,738.1210459,[-0.46319443 -0.31388888],9,0,"[9, 22, 24, 26]",25,0
223,55,738.4491756,[ 0.48958334 -0.3576389 ],26,0,"[9, 22, 24, 26]",25,0
224,56,746.5153885999999,[ 0.15208334 -0.34861112],22,2,"[2, 9, 22, 25]",26,0
225,56,747.1739828999999,[-0.125      -0.35416666],9,1,"[2, 9, 22, 25]",26,0
226,56,748.0060572,[ 0.4097222 -0.3326389],25,1,"[2, 9, 22, 25]",26,0
227,56,748.3058399,[-0.5861111  -0.30833334],2,0,"[2, 9, 22, 25]",26,0
228,57,751.5959884,[-0.42916667 -0.31527779],8,0,"[8, 14, 16, 23]",27,0
229,57,755.3838867,[-0.10347223 -0.38194445],14,0,"[8, 14, 16, 23]",27,0
230,57,755.8429386,[ 0.4826389 -0.3784722],23,1,"[8, 14, 16, 23]",27,0
231,57,756.0428463,[ 0.17152777 -0.35347223],16,0,"[8, 14, 16, 23]",27,0
232,58,759.9150202999999,[ 0.16111112 -0.35555556],15,2,"[5, 7, 15, 22]",28,0
233,58,764.233986,[ 0.40347221 -0.36875   ],22,2,"[5, 7, 15, 22]",28,0
234,58,764.9076929,[-0.46944445 -0.35833332],5,0,"[5, 7, 15, 22]",28,0
235,58,765.1448749,[-0.1875     -0.34930557],7,0,"[5, 7, 15, 22]",28,0
236,59,768.4178547,[ 0.48541668 -0.37291667],22,3,"[5, 8, 17, 22]",29,0
237,59,773.4768002,[-0.15625    -0.38680556],8,1,"[5, 8, 17, 22]",29,0
238,59,773.8466455,[ 0.07569444 -0.36597222],17,1,"[5, 8, 17, 22]",29,0
239,59,774.129718,[-0.46944445 -0.37430555],5,0,"[5, 8, 17, 22]",29,0
240,60,778.1586473,[-0.53333336 -0.33472222],3,0,"[3, 18, 19, 22]",0,1
241,60,778.7197669,[ 0.49097222 -0.37916666],22,2,"[3, 18, 19, 22]",0,1
242,60,781.5976529,[-0.1125     -0.37083334],18,0,"[3, 18, 19, 22]",0,1
243,60,781.8676283,[ 0.19930555 -0.37638888],19,0,"[3, 18, 19, 22]",0,1
244,61,785.8136528,[ 0.23680556 -0.39722222],17,2,"[5, 13, 17, 19]",1,1
245,61,788.3555398,[ 0.55625    -0.37916666],19,2,"[5, 13, 17, 19]",1,1
246,61,788.9623977,[-0.13055556 -0.35416666],13,1,"[5, 13, 17, 19]",1,1
247,61,789.4843799,[-0.41805556 -0.31666666],5,0,"[5, 13, 17, 19]",1,1
248,62,792.6385503,[-0.41597223 -0.31736112],1,0,"[1, 3, 25, 29]",2,1
249,62,794.0685115,[-0.11805555 -0.3361111 ],3,0,"[1, 3, 25, 29]",2,1
250,62,795.4944042,[ 0.5520833  -0.34444445],29,1,"[1, 3, 25, 29]",2,1
251,62,795.716402,[ 0.20833333 -0.32430556],25,0,"[1, 3, 25, 29]",2,1
252,63,798.3576876,[ 0.51319444 -0.34097221],15,3,"[4, 9, 13, 15]",3,1
253,63,799.4132867999999,[-0.08541667 -0.3826389 ],9,1,"[4, 9, 13, 15]",3,1
254,63,801.0413371,[-0.50972223 -0.33333334],4,0,"[4, 9, 13, 15]",3,1
255,63,801.3635871,[ 0.06319445 -0.3625    ],13,0,"[4, 9, 13, 15]",3,1
256,64,806.9714708,[-0.17083333 -0.37430555],8,1,"[0, 8, 19, 25]",4,1
257,64,807.3872984,[-0.55694443 -0.32083333],0,0,"[0, 8, 19, 25]",4,1
258,64,810.1471948,[ 0.5659722 -0.3951389],25,1,"[0, 8, 19, 25]",4,1
259,64,810.398286,[ 0.16944444 -0.36597222],19,0,"[0, 8, 19, 25]",4,1
260,65,819.0614721,[-0.09513889 -0.33541667],14,1,"[3, 14, 20, 25]",5,1
261,65,819.3860797,[ 0.52152777 -0.36458334],25,2,"[3, 14, 20, 25]",5,1
262,65,820.4584056,[ 0.21597221 -0.34583333],20,1,"[3, 14, 20, 25]",5,1
263,65,820.9373204999999,[-0.39305556 -0.35416666],3,0,"[3, 14, 20, 25]",5,1
264,66,825.4081206999999,[-0.52847224 -0.38402778],4,0,"[4, 12, 24, 28]",6,1
265,66,827.4240068,[ 0.11597222 -0.37013888],24,1,"[4, 12, 24, 28]",6,1
266,66,827.7060159,[ 0.44930556 -0.3625    ],28,1,"[4, 12, 24, 28]",6,1
267,66,827.9460591,[-0.21597221 -0.33402777],12,0,"[4, 12, 24, 28]",6,1
268,67,830.5859638,[-0.4652778  -0.35277778],5,0,"[5, 21, 25, 28]",7,1
269,67,833.3750279,[ 0.4340278  -0.41041666],28,2,"[5, 21, 25, 28]",7,1
270,67,833.5609135,[ 0.175      -0.40416667],25,1,"[5, 21, 25, 28]",7,1
271,67,833.8338521,[-0.14722222 -0.4263889 ],21,0,"[5, 21, 25, 28]",7,1
272,68,838.877079,[-0.48333332 -0.37638888],1,0,"[1, 2, 14, 17]",8,1
273,68,840.8759294,[ 0.20416667 -0.3625    ],14,1,"[1, 2, 14, 17]",8,1
274,68,841.2639813,[ 0.45625 -0.375  ],17,1,"[1, 2, 14, 17]",8,1
275,68,841.6577596999999,[-0.08402777 -0.3673611 ],2,0,"[1, 2, 14, 17]",8,1
276,69,853.3389528,[-0.07986111 -0.39375   ],8,1,"[6, 8, 13, 25]",9,1
277,69,856.9607487,[ 0.22708334 -0.39791667],13,1,"[6, 8, 13, 25]",9,1
278,69,857.4757151,[-0.4236111 -0.33125  ],6,0,"[6, 8, 13, 25]",9,1
279,69,857.8786421,[ 0.44444445 -0.26944444],25,0,"[6, 8, 13, 25]",9,1
280,70,864.3547194,[ 0.54375    -0.36319444],19,3,"[1, 6, 7, 19]",10,1
281,70,869.6285639,[-0.4826389 -0.3548611],1,0,"[1, 6, 7, 19]",10,1
282,70,869.8365766,[-0.23680556 -0.36944443],6,0,"[1, 6, 7, 19]",10,1
283,70,870.0494932,[ 0.06319445 -0.37083334],7,0,"[1, 6, 7, 19]",10,1
284,71,876.3295475,[ 0.45347223 -0.35625   ],28,3,"[1, 6, 20, 28]",11,1
285,71,879.1133085,[-0.5152778  -0.34652779],1,0,"[1, 6, 20, 28]",11,1
286,71,879.8984378,[ 0.08125    -0.34305555],20,1,"[1, 6, 20, 28]",11,1
287,71,880.1053736,[-0.13611111 -0.35694444],6,0,"[1, 6, 20, 28]",11,1
288,72,884.36964,[ 0.47777778 -0.34375   ],27,3,"[2, 5, 22, 27]",12,1
289,72,885.1473354,[-0.49861112 -0.34236112],2,0,"[2, 5, 22, 27]",12,1
290,72,887.7373288,[-0.13611111 -0.35625   ],5,0,"[2, 5, 22, 27]",12,1
291,72,887.931202,[ 0.06527778 -0.35833332],22,0,"[2, 5, 22, 27]",12,1
292,73,891.7993811,[-0.57569444 -0.35208333],7,0,"[7, 15, 20, 21]",13,1
293,73,895.2072826,[-0.10694444 -0.35694444],15,0,"[7, 15, 20, 21]",13,1
294,73,897.6193681,[ 0.4576389 -0.375    ],21,1,"[7, 15, 20, 21]",13,1
295,73,897.8341720999999,[ 0.28402779 -0.3673611 ],20,0,"[7, 15, 20, 21]",13,1
296,74,902.8923529,[-0.16041666 -0.32708332],5,1,"[1, 5, 12, 19]",14,1
297,74,903.30705,[-0.5555556  -0.34930557],1,0,"[1, 5, 12, 19]",14,1
298,74,903.9982199,[ 0.44027779 -0.36041668],19,1,"[1, 5, 12, 19]",14,1
299,74,904.2072001,[ 0.30069444 -0.36041668],12,0,"[1, 5, 12, 19]",14,1
300,75,908.0411743999999,[-0.12430555 -0.31875   ],16,1,"[7, 16, 17, 19]",15,1
301,75,908.6612875999999,[ 0.1875     -0.34097221],17,1,"[7, 16, 17, 19]",15,1
302,75,909.807251,[-0.4451389  -0.33958334],7,0,"[7, 16, 17, 19]",15,1
303,75,910.1410829,[ 0.41875    -0.36319444],19,0,"[7, 16, 17, 19]",15,1
304,76,917.8716162000001,[ 0.5298611  -0.36319444],26,3,"[19, 22, 25, 26]",16,1
305,76,918.3069290999999,[-0.10694444 -0.35347223],22,1,"[19, 22, 25, 26]",16,1
306,76,919.3768918000001,[ 0.17986111 -0.36944443],25,1,"[19, 22, 25, 26]",16,1
307,76,919.6858119999999,[-0.44583333 -0.36597222],19,0,"[19, 22, 25, 26]",16,1
308,77,927.9860706,[-0.53333336 -0.33888888],9,0,"[9, 20, 22, 27]",17,1
309,77,929.2179153,[ 0.22152779 -0.3361111 ],22,1,"[9, 20, 22, 27]",17,1
310,77,929.4387346000001,[ 0.48541668 -0.3375    ],27,1,"[9, 20, 22, 27]",17,1
311,77,929.6918490999999,[-0.13541667 -0.29930556],20,0,"[9, 20, 22, 27]",17,1
312,78,938.1703029999999,[ 0.26527777 -0.375     ],20,2,"[1, 4, 20, 29]",18,1
313,78,939.1298035,[ 0.46319443 -0.36180556],29,2,"[1, 4, 20, 29]",18,1
314,78,939.6346762999999,[-0.10694444 -0.32083333],4,1,"[1, 4, 20, 29]",18,1
315,78,939.8476009000001,[-0.4875    -0.3201389],1,0,"[1, 4, 20, 29]",18,1
316,79,944.2088377,[ 0.27569443 -0.3576389 ],17,2,"[5, 11, 17, 23]",19,1
317,79,947.0257273,[ 0.48472223 -0.35208333],23,2,"[5, 11, 17, 23]",19,1
318,79,947.7064929000001,[-0.12847222 -0.36319444],11,1,"[5, 11, 17, 23]",19,1
319,79,947.9205883,[-0.40625    -0.35902777],5,0,"[5, 11, 17, 23]",19,1
320,80,956.0391732999999,[ 0.24166666 -0.30763888],18,2,"[13, 14, 18, 26]",20,1
321,80,957.8514995999999,[ 0.52847224 -0.3361111 ],26,2,"[13, 14, 18, 26]",20,1
322,80,958.8864707999999,[-0.48125    -0.27708334],13,0,"[13, 14, 18, 26]",20,1
323,80,959.368359,[-0.15486111 -0.29375   ],14,0,"[13, 14, 18, 26]",20,1
324,81,966.3567203,[ 0.48333332 -0.32569444],28,3,"[2, 4, 13, 28]",21,1
325,81,966.9242466999999,[-0.47361112 -0.28333333],2,0,"[2, 4, 13, 28]",21,1
326,81,968.4726384,[-0.17708333 -0.31111112],4,0,"[2, 4, 13, 28]",21,1
327,81,968.8262703,[ 0.15208334 -0.32430556],13,0,"[2, 4, 13, 28]",21,1
328,82,974.9692038999999,[ 0.17916666 -0.34583333],5,2,"[0, 4, 5, 12]",22,1
329,82,976.0564651,[-0.45555556 -0.31527779],0,0,"[0, 4, 5, 12]",22,1
330,82,977.8571999999999,[-0.13541667 -0.35555556],4,0,"[0, 4, 5, 12]",22,1
331,82,978.1222551000001,[ 0.39791667 -0.36527777],12,0,"[0, 4, 5, 12]",22,1
332,83,984.4674032,[ 0.13402778 -0.33888888],15,2,"[1, 10, 15, 18]",23,1
333,83,984.7560914999999,[-0.20763889 -0.32847223],10,1,"[1, 10, 15, 18]",23,1
334,83,986.6082465,[ 0.3875    -0.3548611],18,1,"[1, 10, 15, 18]",23,1
335,83,987.0810392999999,[-0.43472221 -0.32222223],1,0,"[1, 10, 15, 18]",23,1
336,84,995.2422650999999,[-0.22152779 -0.33055556],10,1,"[6, 10, 14, 21]",24,1
337,84,998.5081181,[ 0.48333332 -0.36875   ],21,2,"[6, 10, 14, 21]",24,1
338,84,1000.6301736,[-0.57708335 -0.31805557],6,0,"[6, 10, 14, 21]",24,1
339,84,1000.9078425999999,[ 0.13541667 -0.32083333],14,0,"[6, 10, 14, 21]",24,1
340,85,1010.5669028,[ 0.4486111 -0.2951389],26,3,"[1, 7, 12, 26]",25,1
341,85,1013.3728550999999,[ 0.09236111 -0.37013888],12,2,"[1, 7, 12, 26]",25,1
342,85,1014.1458716,[-0.41944444 -0.36597222],1,0,"[1, 7, 12, 26]",25,1
343,85,1014.3407273999999,[-0.18055555 -0.3472222 ],7,0,"[1, 7, 12, 26]",25,1
344,86,1024.0467747,[-0.06736111 -0.33541667],1,1,"[0, 1, 2, 3]",26,1
345,86,1026.4818645,[ 0.46805555 -0.35347223],3,2,"[0, 1, 2, 3]",26,1
346,86,1027.1815044,[-0.4513889 -0.3236111],0,0,"[0, 1, 2, 3]",26,1
347,86,1027.4366178999999,[ 0.17847222 -0.3090278 ],2,0,"[0, 1, 2, 3]",26,1
348,87,1035.2357572,[ 0.49722221 -0.32430556],25,3,"[9, 14, 18, 25]",27,1
349,87,1035.5995722,[ 0.21180555 -0.32708332],18,2,"[9, 14, 18, 25]",27,1
350,87,1039.0294222,[-0.47847223 -0.34791666],9,0,"[9, 14, 18, 25]",27,1
351,87,1039.2394661,[-0.17986111 -0.33125   ],14,0,"[9, 14, 18, 25]",27,1
352,88,1045.8255232,[-0.5125     -0.32847223],9,0,"[9, 14, 23, 29]",28,1
353,88,1046.5925191,[ 0.18888889 -0.35347223],23,1,"[9, 14, 23, 29]",28,1
354,88,1047.0823411,[-0.12013889 -0.33541667],14,0,"[9, 14, 23, 29]",28,1
355,88,1047.3583007,[ 0.4652778 -0.3513889],29,0,"[9, 14, 23, 29]",28,1
356,89,1052.8745415,[ 0.09791667 -0.37013888],20,2,"[6, 9, 20, 23]",29,1
357,89,1058.4614593,[-0.4798611  -0.33472222],6,0,"[6, 9, 20, 23]",29,1
358,89,1058.6843443999999,[-0.20208333 -0.3513889 ],9,0,"[6, 9, 20, 23]",29,1
359,89,1059.3570736,[ 0.43680555 -0.3638889 ],23,0,"[6, 9, 20, 23]",29,1
360,90,1148.1075696,[-0.51111114 -0.28402779],1,0,"[1, 4, 16, 18]",0,2
361,90,1153.4235895,[ 0.22638889 -0.34861112],16,1,"[1, 4, 16, 18]",0,2
362,90,1153.7540232,[-0.12638889 -0.33888888],4,0,"[1, 4, 16, 18]",0,2
363,90,1154.0389912,[ 0.48680556 -0.30555555],18,0,"[1, 4, 16, 18]",0,2
364,91,1158.8853498,[-0.51458335 -0.3013889 ],0,0,"[0, 20, 23, 24]",1,2
365,91,1159.2900574,[ 0.12430555 -0.31319445],23,1,"[0, 20, 23, 24]",1,2
366,91,1161.0731011999999,[-0.11041667 -0.31458333],20,0,"[0, 20, 23, 24]",1,2
367,91,1161.3680768,[ 0.4826389  -0.34513888],24,0,"[0, 20, 23, 24]",1,2
368,92,1167.7240387,[ 0.19236112 -0.3548611 ],17,2,"[1, 5, 17, 20]",2,2
369,92,1168.2879935,[-0.44375    -0.32916668],1,0,"[1, 5, 17, 20]",2,2
370,92,1168.5519538,[-0.04375    -0.32291666],5,0,"[1, 5, 17, 20]",2,2
371,92,1168.9219221,[ 0.42777777 -0.32430556],20,0,"[1, 5, 17, 20]",2,2
372,93,1171.857084,[-0.07638889 -0.34583333],19,1,"[6, 19, 20, 21]",3,2
373,93,1174.6843385,[ 0.14791666 -0.3513889 ],20,1,"[6, 19, 20, 21]",3,2
374,93,1174.9687619,[-0.4298611  -0.32847223],6,0,"[6, 19, 20, 21]",3,2
375,93,1175.2428929999999,[ 0.42916667 -0.31666666],21,0,"[6, 19, 20, 21]",3,2
376,94,1185.4549048,[ 0.51180553 -0.3326389 ],29,3,"[6, 10, 20, 29]",4,2
377,94,1185.9147219,[-0.08611111 -0.33819443],10,1,"[6, 10, 20, 29]",4,2
378,94,1186.1247349,[ 0.20069444 -0.32847223],20,1,"[6, 10, 20, 29]",4,2
379,94,1186.7877412999999,[-0.41944444 -0.2986111 ],6,0,"[6, 10, 20, 29]",4,2
380,95,1192.8820901,[-0.15138888 -0.30763888],6,1,"[0, 6, 13, 14]",5,2
381,95,1193.2618244,[ 0.54444444 -0.31180555],14,2,"[0, 6, 13, 14]",5,2
382,95,1193.4888041,[ 0.21111111 -0.31944445],13,1,"[0, 6, 13, 14]",5,2
383,95,1194.1458148,[-0.45416668 -0.33333334],0,0,"[0, 6, 13, 14]",5,2
384,96,1204.1207264,[ 0.25138888 -0.37569445],16,2,"[10, 12, 16, 23]",6,2
385,96,1204.3715842,[ 0.5104167  -0.36597222],23,2,"[10, 12, 16, 23]",6,2
386,96,1205.2804873,[-0.53125    -0.33680555],10,0,"[10, 12, 16, 23]",6,2
387,96,1205.5154966,[-0.1625     -0.32847223],12,0,"[10, 12, 16, 23]",6,2
388,97,1208.297537,[-0.44375   -0.3236111],0,0,"[0, 16, 22, 24]",7,2
389,97,1208.6483453,[ 0.18472221 -0.33472222],22,1,"[0, 16, 22, 24]",7,2
390,97,1209.0424083999999,[-0.20763889 -0.31736112],16,0,"[0, 16, 22, 24]",7,2
391,97,1209.3004753,[ 0.41944444 -0.34236112],24,0,"[0, 16, 22, 24]",7,2
392,98,1216.2353177,[-0.18958333 -0.32847223],11,1,"[1, 11, 20, 21]",8,2
393,98,1216.4784215,[-0.5125     -0.32222223],1,0,"[1, 11, 20, 21]",8,2
394,98,1218.048797,[ 0.16597222 -0.33055556],20,0,"[1, 11, 20, 21]",8,2
395,98,1218.2833167,[ 0.4722222 -0.3326389],21,0,"[1, 11, 20, 21]",8,2
396,99,1225.2873061,[ 0.18333334 -0.35347223],23,2,"[2, 10, 23, 26]",9,2
397,99,1228.0426054,[-0.50277776 -0.37569445],2,0,"[2, 10, 23, 26]",9,2
398,99,1228.5711992,[ 0.4763889 -0.3951389],26,1,"[2, 10, 23, 26]",9,2
399,99,1228.816055,[-0.17569445 -0.3576389 ],10,0,"[2, 10, 23, 26]",9,2
400,100,1243.4751657,[ 0.5159722 -0.3986111],29,3,"[9, 23, 25, 29]",10,2
401,100,1246.7042099,[-0.09791667 -0.40347221],23,1,"[9, 23, 25, 29]",10,2
402,100,1246.9140305,[ 0.11319444 -0.3986111 ],25,1,"[9, 23, 25, 29]",10,2
403,100,1247.1740182,[-0.52847224 -0.36875   ],9,0,"[9, 23, 25, 29]",10,2
404,101,1251.7072758,[-0.48402777 -0.38055557],8,0,"[8, 10, 12, 20]",11,2
405,101,1253.1249633,[ 0.47430557 -0.33958334],20,2,"[8, 10, 12, 20]",11,2
406,101,1253.3898777,[-0.23055555 -0.36805555],10,0,"[8, 10, 12, 20]",11,2
407,101,1253.6489385,[ 0.2326389 -0.3625   ],12,0,"[8, 10, 12, 20]",11,2
408,102,1258.7421511,[ 0.24513888 -0.35625   ],20,2,"[0, 10, 20, 29]",12,2
409,102,1259.0661142,[-0.11875    -0.34861112],10,1,"[0, 10, 20, 29]",12,2
410,102,1259.820797,[ 0.51875    -0.37013888],29,1,"[0, 10, 20, 29]",12,2
411,102,1260.8027311,[-0.44583333 -0.33055556],0,0,"[0, 10, 20, 29]",12,2
412,103,1266.747876,[ 0.2576389 -0.36875  ],26,2,"[4, 17, 26, 28]",13,2
413,103,1267.2591488,[-0.14791666 -0.3402778 ],17,1,"[4, 17, 26, 28]",13,2
414,103,1267.6676723,[ 0.5034722  -0.32847223],28,1,"[4, 17, 26, 28]",13,2
415,103,1268.3977444,[-0.52847224 -0.30694443],4,0,"[4, 17, 26, 28]",13,2
416,104,1277.0697696,[-0.4652778  -0.30833334],7,0,"[7, 11, 15, 26]",14,2
417,104,1278.8496194,[-0.17847222 -0.33472222],11,0,"[7, 11, 15, 26]",14,2
418,104,1279.4336585,[ 0.20625    -0.34305555],15,0,"[7, 11, 15, 26]",14,2
419,104,1279.7226059,[ 0.53402776 -0.36597222],26,0,"[7, 11, 15, 26]",14,2
420,105,1295.0336475,[ 0.275      -0.37916666],18,2,"[2, 7, 18, 25]",15,2
421,105,1296.5554227,[-0.17638889 -0.35347223],7,1,"[2, 7, 18, 25]",15,2
422,105,1296.8003951,[-0.54236114 -0.31805557],2,0,"[2, 7, 18, 25]",15,2
423,105,1297.1213203,[ 0.39305556 -0.34652779],25,0,"[2, 7, 18, 25]",15,2
424,106,1302.4274672,[-0.55972224 -0.27986112],7,0,"[7, 18, 20, 22]",16,2
425,106,1302.692387,[-0.20694445 -0.28194445],18,0,"[7, 18, 20, 22]",16,2
426,106,1303.1587172,[ 0.3951389  -0.32777777],22,1,"[7, 18, 20, 22]",16,2
427,106,1303.3602834,[ 0.14930555 -0.32430556],20,0,"[7, 18, 20, 22]",16,2
428,107,1308.3265741,[-0.18333334 -0.38125   ],8,1,"[2, 8, 15, 16]",17,2
429,107,1311.5075003,[ 0.48819444 -0.35833332],16,2,"[2, 8, 15, 16]",17,2
430,107,1312.6222817,[ 0.09305555 -0.39375   ],15,1,"[2, 8, 15, 16]",17,2
431,107,1312.9141699,[-0.45902777 -0.38125   ],2,0,"[2, 8, 15, 16]",17,2
432,108,1318.0853634,[-0.18125    -0.30763888],10,1,"[5, 10, 13, 20]",18,2
433,108,1319.4053959999999,[ 0.55694443 -0.3548611 ],20,2,"[5, 10, 13, 20]",18,2
434,108,1321.3344272,[ 0.12361111 -0.31666666],13,1,"[5, 10, 13, 20]",18,2
435,108,1321.6080155,[-0.51180553 -0.29166666],5,0,"[5, 10, 13, 20]",18,2
436,109,1327.3420312,[-0.14097223 -0.3375    ],25,1,"[20, 25, 26, 28]",19,2
437,109,1327.6790126,[ 0.6111111  -0.33958334],28,2,"[20, 25, 26, 28]",19,2
438,109,1327.9511382,[ 0.22222222 -0.32708332],26,1,"[20, 25, 26, 28]",19,2
439,109,1328.5049164,[-0.4763889  -0.33194444],20,0,"[20, 25, 26, 28]",19,2
440,110,1336.5421364,[-0.14861111 -0.3125    ],11,1,"[6, 11, 26, 28]",20,2
441,110,1336.9732440999999,[ 0.54791665 -0.33472222],28,2,"[6, 11, 26, 28]",20,2
442,110,1337.6322635,[-0.44236112 -0.30277777],6,0,"[6, 11, 26, 28]",20,2
443,110,1337.902963,[ 0.13541667 -0.33402777],26,0,"[6, 11, 26, 28]",20,2
444,111,1347.8959740999999,[ 0.52152777 -0.38055557],20,3,"[0, 8, 13, 20]",21,2
445,111,1348.2207458999999,[-0.07638889 -0.32916668],8,1,"[0, 8, 13, 20]",21,2
446,111,1349.4181222,[ 0.14722222 -0.33680555],13,1,"[0, 8, 13, 20]",21,2
447,111,1349.6816685,[-0.49722221 -0.32152778],0,0,"[0, 8, 13, 20]",21,2
448,112,1357.2876997,[ 0.14097223 -0.34791666],7,2,"[1, 3, 7, 10]",22,2
449,112,1357.7959658,[-0.5222222  -0.35902777],1,0,"[1, 3, 7, 10]",22,2
450,112,1359.2897608,[-0.1423611  -0.37083334],3,0,"[1, 3, 7, 10]",22,2
451,112,1359.5636954,[ 0.49444443 -0.36666667],10,0,"[1, 3, 7, 10]",22,2
452,113,1369.3827073,[ 0.17986111 -0.37916666],18,2,"[5, 13, 18, 28]",23,2
453,113,1369.6255833,[ 0.4965278  -0.37430555],28,2,"[5, 13, 18, 28]",23,2
454,113,1370.4115807,[-0.24722221 -0.36666667],13,1,"[5, 13, 18, 28]",23,2
455,113,1370.6074077,[-0.57569444 -0.33958334],5,0,"[5, 13, 18, 28]",23,2
456,114,1380.8273391,[-0.46875    -0.34930557],2,0,"[2, 3, 7, 22]",24,2
457,114,1382.9166536999999,[-0.14722222 -0.37777779],3,0,"[2, 3, 7, 22]",24,2
458,114,1383.2443084,[ 0.4486111  -0.36180556],22,1,"[2, 3, 7, 22]",24,2
459,114,1383.4421855,[ 0.19930555 -0.35347223],7,0,"[2, 3, 7, 22]",24,2
460,115,1395.2936579,[ 0.28263888 -0.39027777],18,2,"[5, 12, 18, 21]",25,2
461,115,1395.5392289,[-0.06180555 -0.38333333],12,1,"[5, 12, 18, 21]",25,2
462,115,1395.7853095,[ 0.5638889 -0.3861111],21,1,"[5, 12, 18, 21]",25,2
463,115,1396.4130812,[-0.39652777 -0.35555556],5,0,"[5, 12, 18, 21]",25,2
464,116,1412.95215,[ 0.12708333 -0.37916666],9,2,"[1, 5, 9, 29]",26,2
465,116,1413.5240023,[-0.4298611  -0.36805555],1,0,"[1, 5, 9, 29]",26,2
466,116,1414.6372934,[ 0.45416668 -0.38680556],29,1,"[1, 5, 9, 29]",26,2
467,116,1414.8860425999999,[-0.11458334 -0.34097221],5,0,"[1, 5, 9, 29]",26,2
468,117,1420.6332445,[-0.4965278  -0.34861112],3,0,"[3, 15, 17, 26]",27,2
469,117,1421.9099136,[ 0.14166667 -0.35972223],17,1,"[3, 15, 17, 26]",27,2
470,117,1422.1247621,[-0.08819444 -0.35555556],15,0,"[3, 15, 17, 26]",27,2
471,117,1422.4049438,[ 0.56319445 -0.34097221],26,0,"[3, 15, 17, 26]",27,2
472,118,1430.5633364999999,[ 0.25486112 -0.3826389 ],26,2,"[20, 22, 26, 29]",28,2
473,118,1431.9298016999999,[-0.17847222 -0.35625   ],22,1,"[20, 22, 26, 29]",28,2
474,118,1432.2087523999999,[ 0.45694444 -0.35625   ],29,1,"[20, 22, 26, 29]",28,2
475,118,1432.4738305,[-0.47847223 -0.3090278 ],20,0,"[20, 22, 26, 29]",28,2
476,119,1437.8648524999999,[ 0.47708333 -0.36527777],22,3,"[13, 14, 17, 22]",29,2
477,119,1438.1140623,[ 0.17638889 -0.35347223],17,2,"[13, 14, 17, 22]",29,2
478,119,1438.4726231,[-0.26180556 -0.35416666],14,1,"[13, 14, 17, 22]",29,2
479,119,1438.9937006,[-0.46597221 -0.34444445],13,0,"[13, 14, 17, 22]",29,2
480,120,1444.4118065,[-0.11666667 -0.36666667],13,1,"[10, 13, 19, 27]",0,3
481,120,1444.8616815,[ 0.5638889  -0.33819443],27,2,"[10, 13, 19, 27]",0,3
482,120,1445.4688202,[-0.43819445 -0.31180555],10,0,"[10, 13, 19, 27]",0,3
483,120,1445.8266806,[ 0.23402777 -0.34513888],19,0,"[10, 13, 19, 27]",0,3
484,121,1448.5346909,[-0.44583333 -0.34513888],0,0,"[0, 14, 19, 28]",1,3
485,121,1452.5794942,[ 0.5798611  -0.36944443],28,2,"[0, 14, 19, 28]",1,3
486,121,1452.9467867,[-0.09930556 -0.33888888],14,0,"[0, 14, 19, 28]",1,3
487,121,1453.1735789,[ 0.17777778 -0.325     ],19,0,"[0, 14, 19, 28]",1,3
488,122,1459.5735086,[-0.5152778 -0.3236111],3,0,"[3, 7, 19, 27]",2,3
489,122,1460.2514783,[ 0.46597221 -0.33125   ],27,2,"[3, 7, 19, 27]",2,3
490,122,1460.9194152,[ 0.17291667 -0.35069445],19,1,"[3, 7, 19, 27]",2,3
491,122,1461.1264682,[-0.11944444 -0.3673611 ],7,0,"[3, 7, 19, 27]",2,3
492,123,1467.9264102,[ 0.12777779 -0.39444444],24,2,"[11, 20, 24, 28]",3,3
493,123,1468.1703291,[-0.11666667 -0.37291667],20,1,"[11, 20, 24, 28]",3,3
494,123,1470.73544,[-0.47847223 -0.32152778],11,0,"[11, 20, 24, 28]",3,3
495,123,1471.0934237,[ 0.3826389  -0.32708332],28,0,"[11, 20, 24, 28]",3,3
496,124,1477.6702829,[ 0.5451389  -0.36527777],26,3,"[16, 17, 23, 26]",4,3
497,124,1478.3823158999999,[-0.4263889 -0.375    ],16,0,"[16, 17, 23, 26]",4,3
498,124,1479.2753034,[-0.16388889 -0.37708333],17,0,"[16, 17, 23, 26]",4,3
499,124,1479.4811659,[ 0.14097223 -0.3576389 ],23,0,"[16, 17, 23, 26]",4,3
500,125,1489.0453903,[-0.47013888 -0.35625   ],8,0,"[8, 14, 15, 20]",5,3
501,125,1489.5691836,[-0.15      -0.3638889],14,0,"[8, 14, 15, 20]",5,3
502,125,1490.1661741,[ 0.14305556 -0.35      ],15,0,"[8, 14, 15, 20]",5,3
503,125,1490.4130536,[ 0.46597221 -0.34861112],20,0,"[8, 14, 15, 20]",5,3
504,126,1493.8611976,[-0.4763889 -0.3576389],7,0,"[7, 8, 17, 19]",6,3
505,126,1497.3561316,[-0.10069445 -0.36458334],8,0,"[7, 8, 17, 19]",6,3
506,126,1497.6350779,[ 0.16875    -0.36527777],17,0,"[7, 8, 17, 19]",6,3
507,126,1497.8679726,[ 0.47916666 -0.3625    ],19,0,"[7, 8, 17, 19]",6,3
508,127,1505.0331711,[ 0.22847222 -0.36041668],25,2,"[8, 12, 25, 27]",7,3
509,127,1505.6042381,[-0.4451389  -0.38194445],8,0,"[8, 12, 25, 27]",7,3
510,127,1505.9899807,[ 0.38333333 -0.31736112],27,1,"[8, 12, 25, 27]",7,3
511,127,1506.2597630999999,[-0.18055555 -0.32291666],12,0,"[8, 12, 25, 27]",7,3
512,128,1524.5727173,[ 0.175      -0.39166668],17,2,"[0, 6, 17, 24]",8,3
513,128,1524.8535754,[ 0.45416668 -0.37916666],24,2,"[0, 6, 17, 24]",8,3
514,128,1525.9236495,[-0.20555556 -0.38333333],6,1,"[0, 6, 17, 24]",8,3
515,128,1526.1235222999999,[-0.56180555 -0.36666667],0,0,"[0, 6, 17, 24]",8,3
516,129,1536.9438229,[ 0.24513888 -0.3784722 ],15,2,"[3, 5, 15, 25]",9,3
517,129,1537.7495877,[-0.42847222 -0.33888888],3,0,"[3, 5, 15, 25]",9,3
518,129,1538.2458093999999,[ 0.49444443 -0.35      ],25,1,"[3, 5, 15, 25]",9,3
519,129,1538.5184165,[-0.11944444 -0.3263889 ],5,0,"[3, 5, 15, 25]",9,3
520,130,1544.6144921,[ 0.54097223 -0.34166667],24,3,"[4, 14, 23, 24]",10,3
521,130,1547.181393,[ 0.13125    -0.35833332],23,2,"[4, 14, 23, 24]",10,3
522,130,1547.6173411,[-0.4513889 -0.35625  ],4,0,"[4, 14, 23, 24]",10,3
523,130,1547.9632858,[-0.14652778 -0.34375   ],14,0,"[4, 14, 23, 24]",10,3
524,131,1554.2674817,[ 0.18333334 -0.3472222 ],17,2,"[2, 15, 17, 26]",11,3
525,131,1554.5553114,[ 0.46875   -0.3402778],26,2,"[2, 15, 17, 26]",11,3
526,131,1555.0102823,[-0.4125    -0.3298611],2,0,"[2, 15, 17, 26]",11,3
527,131,1555.234306,[-0.2       -0.3159722],15,0,"[2, 15, 17, 26]",11,3
528,132,1565.1112788,[ 0.42916667 -0.32430556],29,3,"[7, 9, 17, 29]",12,3
529,132,1565.3392357,[ 0.10208333 -0.3125    ],17,2,"[7, 9, 17, 29]",12,3
530,132,1566.9511244999999,[-0.25902778 -0.31805557],9,1,"[7, 9, 17, 29]",12,3
531,132,1567.1531611999999,[-0.53402776 -0.31180555],7,0,"[7, 9, 17, 29]",12,3
532,133,1572.6233503,[ 0.4798611  -0.35694444],14,3,"[5, 8, 11, 14]",13,3
533,133,1573.6310776,[-0.47708333 -0.37430555],5,0,"[5, 8, 11, 14]",13,3
534,133,1573.9112494,[-0.15       -0.34652779],8,0,"[5, 8, 11, 14]",13,3
535,133,1574.186072,[ 0.18819444 -0.38194445],11,0,"[5, 8, 11, 14]",13,3
536,134,1581.779429,[ 0.24652778 -0.35972223],22,2,"[8, 12, 22, 27]",14,3
537,134,1582.4654338,[-0.51944447 -0.34444445],8,0,"[8, 12, 22, 27]",14,3
538,134,1583.298919,[ 0.3923611  -0.34583333],27,1,"[8, 12, 22, 27]",14,3
539,134,1583.5808719,[-0.20069444 -0.34236112],12,0,"[8, 12, 22, 27]",14,3
540,135,1607.0787885,[ 0.17638889 -0.35      ],10,2,"[6, 9, 10, 14]",15,3
541,135,1608.0536158,[-0.18611111 -0.30416667],9,1,"[6, 9, 10, 14]",15,3
542,135,1608.5565933999999,[ 0.44930556 -0.35416666],14,1,"[6, 9, 10, 14]",15,3
543,135,1609.0425726,[-0.42152777 -0.27638888],6,0,"[6, 9, 10, 14]",15,3
544,136,1614.0679812,[ 0.21736111 -0.32777777],28,2,"[1, 13, 28, 29]",16,3
545,136,1614.3798694,[ 0.5222222  -0.34444445],29,2,"[1, 13, 28, 29]",16,3
546,136,1615.664548,[-0.5395833  -0.28263888],1,0,"[1, 13, 28, 29]",16,3
547,136,1615.8906149,[-0.21388888 -0.28402779],13,0,"[1, 13, 28, 29]",16,3
548,137,1641.8084095,[-0.4965278 -0.3263889],3,0,"[3, 12, 16, 24]",17,3
549,137,1642.8412854,[ 0.13125    -0.32708332],16,1,"[3, 12, 16, 24]",17,3
550,137,1643.1153917,[ 0.5152778  -0.31736112],24,1,"[3, 12, 16, 24]",17,3
551,137,1643.3751435,[-0.12430555 -0.32847223],12,0,"[3, 12, 16, 24]",17,3
552,138,1651.0994077,[ 0.48958334 -0.37083334],17,3,"[7, 10, 13, 17]",18,3
553,138,1652.1713017,[-0.13125    -0.34305555],10,1,"[7, 10, 13, 17]",18,3
554,138,1652.374215,[ 0.12638889 -0.33888888],13,1,"[7, 10, 13, 17]",18,3
555,138,1652.7870925,[-0.45833334 -0.32708332],7,0,"[7, 10, 13, 17]",18,3
556,139,1661.102308,[-0.07777778 -0.35347223],18,1,"[0, 18, 21, 24]",19,3
557,139,1661.4721117,[ 0.4486111  -0.33819443],24,2,"[0, 18, 21, 24]",19,3
558,139,1661.9142731,[ 0.16875   -0.3402778],21,1,"[0, 18, 21, 24]",19,3
559,139,1662.1909659,[-0.41180557 -0.3298611 ],0,0,"[0, 18, 21, 24]",19,3
560,140,1669.0213304,[-0.15833333 -0.33472222],19,1,"[11, 19, 25, 27]",20,3
561,140,1669.3995686,[-0.5395833  -0.30069444],11,0,"[11, 19, 25, 27]",20,3
562,140,1669.9618589,[ 0.4652778 -0.30625  ],27,1,"[11, 19, 25, 27]",20,3
563,140,1670.1878267,[ 0.23125   -0.3013889],25,0,"[11, 19, 25, 27]",20,3
564,141,1677.0652369,[ 0.15625 -0.36875],23,2,"[5, 15, 23, 28]",21,3
565,141,1684.8879593,[-0.10902778 -0.3402778 ],15,1,"[5, 15, 23, 28]",21,3
566,141,1685.2208155,[ 0.48125 -0.34375],28,1,"[5, 15, 23, 28]",21,3
567,141,1685.8477556,[-0.425  -0.3125],5,0,"[5, 15, 23, 28]",21,3
568,142,1692.9767175,[ 0.47013888 -0.32430556],25,3,"[3, 11, 19, 25]",22,3
569,142,1693.6500696,[-0.12986112 -0.34444445],11,1,"[3, 11, 19, 25]",22,3
570,142,1695.1666922,[-0.50625    -0.32777777],3,0,"[3, 11, 19, 25]",22,3
571,142,1695.4076716,[ 0.08055556 -0.32708332],19,0,"[3, 11, 19, 25]",22,3
572,143,1701.8206738,[ 0.25416666 -0.32222223],24,2,"[8, 18, 24, 28]",23,3
573,143,1704.7586372,[-0.09027778 -0.3236111 ],18,1,"[8, 18, 24, 28]",23,3
574,143,1706.0274939,[-0.51666665 -0.3       ],8,0,"[8, 18, 24, 28]",23,3
575,143,1707.0173528999999,[ 0.53125    -0.33541667],28,0,"[8, 18, 24, 28]",23,3
576,144,1724.7166548999999,[ 0.45972222 -0.33194444],28,3,"[5, 8, 9, 28]",24,3
577,144,1727.2383093,[ 0.21111111 -0.33472222],9,2,"[5, 8, 9, 28]",24,3
578,144,1727.4643417,[-0.14513889 -0.32152778],8,1,"[5, 8, 9, 28]",24,3
579,144,1727.7891987,[-0.52152777 -0.32291666],5,0,"[5, 8, 9, 28]",24,3
580,145,1741.0183334,[-0.14375    -0.35069445],12,1,"[0, 12, 23, 29]",25,3
581,145,1742.1922974,[ 0.2847222  -0.34583333],23,1,"[0, 12, 23, 29]",25,3
582,145,1742.3869639,[ 0.45347223 -0.34097221],29,1,"[0, 12, 23, 29]",25,3
583,145,1743.1250382,[-0.47013888 -0.3361111 ],0,0,"[0, 12, 23, 29]",25,3
584,146,1758.9310444999999,[ 0.29583332 -0.34652779],23,2,"[11, 12, 23, 29]",26,3
585,146,1760.0509711,[-0.15069444 -0.38194445],12,1,"[11, 12, 23, 29]",26,3
586,146,1760.3419327,[ 0.49861112 -0.35555556],29,1,"[11, 12, 23, 29]",26,3
587,146,1760.8098,[-0.5048611  -0.34861112],11,0,"[11, 12, 23, 29]",26,3
588,147,1772.6968599,[-0.11805555 -0.3784722 ],2,1,"[0, 2, 4, 15]",27,3
589,147,1773.1077255999999,[ 0.44305557 -0.37083334],15,2,"[0, 2, 4, 15]",27,3
590,147,1773.3166788,[ 0.18680556 -0.35555556],4,1,"[0, 2, 4, 15]",27,3
591,147,1774.0967319,[-0.40069443 -0.3375    ],0,0,"[0, 2, 4, 15]",27,3
592,148,1782.7356141999999,[-0.10486111 -0.3826389 ],16,1,"[6, 16, 22, 27]",28,3
593,148,1783.4554372,[-0.4138889  -0.34930557],6,0,"[6, 16, 22, 27]",28,3
594,148,1783.9675291,[ 0.04166667 -0.36597222],22,0,"[6, 16, 22, 27]",28,3
595,148,1784.3185146,[ 0.42708334 -0.33541667],27,0,"[6, 16, 22, 27]",28,3
596,149,1793.0415873,[ 0.48958334 -0.37222221],26,3,"[6, 15, 23, 26]",29,3
597,149,1795.1664743,[ 0.12916666 -0.3861111 ],23,2,"[6, 15, 23, 26]",29,3
598,149,1795.4696013,[-0.22638889 -0.36527777],15,1,"[6, 15, 23, 26]",29,3
599,149,1795.8724137,[-0.51944447 -0.33333334],6,0,"[6, 15, 23, 26]",29,3
600,150,1805.4648147999999,[ 0.24305555 -0.35069445],16,2,"[6, 10, 16, 28]",0,4
601,150,1809.172608,[-0.46319443 -0.30416667],6,0,"[6, 10, 16, 28]",0,4
602,150,1810.0974658,[ 0.42430556 -0.3       ],28,1,"[6, 10, 16, 28]",0,4
603,150,1810.3861990999999,[-0.22777778 -0.3326389 ],10,0,"[6, 10, 16, 28]",0,4
604,151,1812.9944931,[-0.4861111  -0.32083333],9,0,"[9, 15, 24, 27]",1,4
605,151,1814.7656381,[ 0.5034722  -0.37708333],27,2,"[9, 15, 24, 27]",1,4
606,151,1815.0731723,[-0.18402778 -0.35694444],15,0,"[9, 15, 24, 27]",1,4
607,151,1815.3292248,[ 0.19305556 -0.34236112],24,0,"[9, 15, 24, 27]",1,4
608,152,1820.6371069,[-0.10138889 -0.33541667],18,1,"[17, 18, 25, 27]",2,4
609,152,1825.3970785,[ 0.49722221 -0.35694444],27,2,"[17, 18, 25, 27]",2,4
610,152,1825.8981237,[ 0.16875    -0.33194444],25,1,"[17, 18, 25, 27]",2,4
611,152,1826.5690679,[-0.5090278  -0.30347222],17,0,"[17, 18, 25, 27]",2,4
612,153,1843.1460595,[ 0.46875 -0.35   ],29,3,"[0, 10, 22, 29]",3,4
613,153,1843.4489273,[-0.13263889 -0.33402777],10,1,"[0, 10, 22, 29]",3,4
614,153,1843.8352167,[ 0.19583334 -0.33819443],22,1,"[0, 10, 22, 29]",3,4
615,153,1844.0718431999999,[-0.49027777 -0.3402778 ],0,0,"[0, 10, 22, 29]",3,4
616,154,1859.1371371999999,[-0.18888889 -0.3625    ],10,1,"[8, 10, 18, 27]",4,4
617,154,1859.8436715,[ 0.4173611  -0.33472222],27,2,"[8, 10, 18, 27]",4,4
618,154,1860.1870367,[-0.45902777 -0.31180555],8,0,"[8, 10, 18, 27]",4,4
619,154,1860.4767444,[ 0.27847221 -0.3201389 ],18,0,"[8, 10, 18, 27]",4,4
620,155,1866.2548155,[-0.12569444 -0.33333334],4,1,"[3, 4, 16, 28]",5,4
621,155,1874.9335111999999,[ 0.45902777 -0.35416666],28,2,"[3, 4, 16, 28]",5,4
622,155,1875.4046798,[-0.47777778 -0.33888888],3,0,"[3, 4, 16, 28]",5,4
623,155,1875.690572,[ 0.15      -0.3402778],16,0,"[3, 4, 16, 28]",5,4
624,156,1887.8815984,[-0.11666667 -0.33541667],9,1,"[3, 9, 13, 22]",6,4
625,156,1888.1873653,[ 0.49930555 -0.31805557],22,2,"[3, 9, 13, 22]",6,4
626,156,1888.5795841,[-0.4861111  -0.28819445],3,0,"[3, 9, 13, 22]",6,4
627,156,1888.8304176,[ 0.11875    -0.30347222],13,0,"[3, 9, 13, 22]",6,4
628,157,1895.6134197,[-0.4375     -0.34930557],16,0,"[16, 17, 28, 29]",7,4
629,157,1897.2004182,[ 0.12222222 -0.34305555],28,1,"[16, 17, 28, 29]",7,4
630,157,1897.410164,[-0.21041666 -0.34166667],17,0,"[16, 17, 28, 29]",7,4
631,157,1897.6499712,[ 0.37430555 -0.33472222],29,0,"[16, 17, 28, 29]",7,4
632,158,1901.5913722999999,[ 0.5361111 -0.3548611],24,3,"[6, 17, 18, 24]",8,4
633,158,1902.0035786,[-0.14930555 -0.35833332],17,1,"[6, 17, 18, 24]",8,4
634,158,1903.7651306,[-0.61388886 -0.33472222],6,0,"[6, 17, 18, 24]",8,4
635,158,1904.0362621,[ 0.07638889 -0.36458334],18,0,"[6, 17, 18, 24]",8,4
636,159,1907.3963505,[-0.50069445 -0.33472222],1,0,"[1, 3, 19, 22]",9,4
637,159,1907.921577,[ 0.47291666 -0.37361112],22,2,"[1, 3, 19, 22]",9,4
638,159,1908.1781225,[-0.24444444 -0.33958334],3,0,"[1, 3, 19, 22]",9,4
639,159,1908.443219,[ 0.21666667 -0.34583333],19,0,"[1, 3, 19, 22]",9,4
640,160,1918.2080465,[-0.16180556 -0.33958334],4,1,"[3, 4, 22, 26]",10,4
641,160,1918.8059398,[ 0.3888889  -0.33958334],26,2,"[3, 4, 22, 26]",10,4
642,160,1919.4312143,[-0.44930556 -0.35555556],3,0,"[3, 4, 22, 26]",10,4
643,160,1919.6571246,[ 0.1388889  -0.34791666],22,0,"[3, 4, 22, 26]",10,4
644,161,1925.1481391,[ 0.47777778 -0.34861112],27,3,"[2, 21, 23, 27]",11,4
645,161,1926.7179467,[-0.46944445 -0.34513888],2,0,"[2, 21, 23, 27]",11,4
646,161,1926.9719512,[-0.16458334 -0.33333334],21,0,"[2, 21, 23, 27]",11,4
647,161,1927.1939522,[ 0.11041667 -0.33402777],23,0,"[2, 21, 23, 27]",11,4
648,162,1933.2608811,[-0.19305556 -0.35      ],10,1,"[3, 10, 16, 27]",12,4
649,162,1937.3819879,[-0.4576389  -0.35208333],3,0,"[3, 10, 16, 27]",12,4
650,162,1937.6716911,[ 0.31388888 -0.32152778],16,0,"[3, 10, 16, 27]",12,4
651,162,1938.1318537,[ 0.46875    -0.32916668],27,0,"[3, 10, 16, 27]",12,4
652,163,1948.5328293999999,[ 0.13402778 -0.37013888],26,2,"[1, 8, 26, 27]",13,4
653,163,1949.0266410000002,[-0.1736111 -0.3715278],8,1,"[1, 8, 26, 27]",13,4
654,163,1949.3005216999998,[ 0.5347222 -0.3548611],27,1,"[1, 8, 26, 27]",13,4
655,163,1949.5877616999999,[-0.5083333  -0.31944445],1,0,"[1, 8, 26, 27]",13,4
656,164,1956.9867229999998,[ 0.2361111  -0.37013888],16,2,"[1, 4, 16, 20]",14,4
657,164,1957.5065376,[-0.44375    -0.36527777],1,0,"[1, 4, 16, 20]",14,4
658,164,1957.7366392000001,[-0.10902778 -0.37013888],4,0,"[1, 4, 16, 20]",14,4
659,164,1957.9845536999999,[ 0.44791666 -0.37361112],20,0,"[1, 4, 16, 20]",14,4
660,165,1965.6707628000001,[-0.44027779 -0.38125   ],14,0,"[14, 16, 24, 26]",15,4
661,165,1965.9463727,[-0.125      -0.36319444],16,0,"[14, 16, 24, 26]",15,4
662,165,1966.2844443000001,[ 0.4263889  -0.35208333],26,1,"[14, 16, 24, 26]",15,4
663,165,1966.5104936999999,[ 0.19027779 -0.3638889 ],24,0,"[14, 16, 24, 26]",15,4
664,166,1976.3388606,[ 0.21527778 -0.36805555],23,2,"[15, 18, 23, 28]",16,4
665,166,1976.5955069,[ 0.5013889 -0.3715278],28,2,"[15, 18, 23, 28]",16,4
666,166,1977.7223698999999,[-0.5673611  -0.35416666],15,0,"[15, 18, 23, 28]",16,4
667,166,1978.0053833999998,[-0.225     -0.3513889],18,0,"[15, 18, 23, 28]",16,4
668,167,1984.0373862999998,[ 0.51944447 -0.36319444],14,3,"[4, 5, 6, 14]",17,4
669,167,1984.9812261999998,[-0.52013886 -0.33194444],4,0,"[4, 5, 6, 14]",17,4
670,167,1985.6842143000001,[ 0.11944444 -0.32083333],6,1,"[4, 5, 6, 14]",17,4
671,167,1985.8830561000002,[-0.13541667 -0.30555555],5,0,"[4, 5, 6, 14]",17,4
672,168,1996.0873330000002,[ 0.46458334 -0.35555556],27,3,"[2, 5, 26, 27]",18,4
673,168,1997.7654234999998,[-0.4722222  -0.34305555],2,0,"[2, 5, 26, 27]",18,4
674,168,1998.0621488999998,[ 0.08611111 -0.32708332],26,1,"[2, 5, 26, 27]",18,4
675,168,1998.2732883,[-0.1736111  -0.33402777],5,0,"[2, 5, 26, 27]",18,4
676,169,2001.7867167000002,[-0.60694444 -0.33194444],8,0,"[8, 10, 23, 29]",19,4
677,169,2002.3440666,[ 0.49097222 -0.32916668],29,2,"[8, 10, 23, 29]",19,4
678,169,2003.8740939000002,[-0.15902779 -0.36597222],10,0,"[8, 10, 23, 29]",19,4
679,169,2004.0822323999998,[ 0.23194444 -0.32569444],23,0,"[8, 10, 23, 29]",19,4
680,170,2010.2262334999998,[-0.125     -0.3361111],24,1,"[0, 24, 25, 27]",20,4
681,170,2012.5319771000002,[ 0.5090278 -0.34375  ],27,2,"[0, 24, 25, 27]",20,4
682,170,2012.7208346,[ 0.1875     -0.32291666],25,1,"[0, 24, 25, 27]",20,4
683,170,2013.3608729999999,[-0.49791667 -0.3048611 ],0,0,"[0, 24, 25, 27]",20,4
684,171,2017.5210894,[ 0.09722222 -0.3236111 ],20,2,"[1, 7, 20, 23]",21,4
685,171,2020.6862291999998,[ 0.46319443 -0.35      ],23,2,"[1, 7, 20, 23]",21,4
686,171,2020.9887924000002,[-0.12361111 -0.3513889 ],7,1,"[1, 7, 20, 23]",21,4
687,171,2021.2517583000001,[-0.4625     -0.34305555],1,0,"[1, 7, 20, 23]",21,4
688,172,2028.3288114999998,[-0.08541667 -0.37083334],11,1,"[5, 11, 15, 21]",22,4
689,172,2028.6568452999998,[ 0.53541666 -0.33888888],21,2,"[5, 11, 15, 21]",22,4
690,172,2028.9266712,[ 0.18263888 -0.33819443],15,1,"[5, 11, 15, 21]",22,4
691,172,2029.3016335999998,[-0.42777777 -0.33402777],5,0,"[5, 11, 15, 21]",22,4
692,173,2039.2420080999998,[ 0.45902777 -0.34513888],17,3,"[11, 12, 15, 17]",23,4
693,173,2039.9766444,[ 0.175  -0.3875],15,2,"[11, 12, 15, 17]",23,4
694,173,2040.2535701999998,[-0.12708333 -0.35347223],12,1,"[11, 12, 15, 17]",23,4
695,173,2040.4755017999998,[-0.45625    -0.33541667],11,0,"[11, 12, 15, 17]",23,4
696,174,2066.5644077,[ 0.13680555 -0.36805555],20,2,"[6, 12, 20, 26]",24,4
697,174,2068.9084048000004,[-0.08958333 -0.34444445],12,1,"[6, 12, 20, 26]",24,4
698,174,2069.5242253,[ 0.40208334 -0.36041668],26,1,"[6, 12, 20, 26]",24,4
699,174,2070.1932234,[-0.48402777 -0.3673611 ],6,0,"[6, 12, 20, 26]",24,4
700,175,2078.9812594,[-0.09236111 -0.3611111 ],17,1,"[14, 17, 23, 26]",25,4
701,175,2083.9341834,[ 0.24513888 -0.35833332],23,1,"[14, 17, 23, 26]",25,4
702,175,2085.5944164000002,[-0.4340278 -0.3326389],14,0,"[14, 17, 23, 26]",25,4
703,175,2085.9399616,[ 0.39444444 -0.3236111 ],26,0,"[14, 17, 23, 26]",25,4
704,176,2098.4720056,[-0.11527777 -0.35972223],9,1,"[4, 9, 18, 24]",26,4
705,176,2100.2882833000003,[-0.5875    -0.3159722],4,0,"[4, 9, 18, 24]",26,4
706,176,2100.5768085000004,[ 0.15833333 -0.35208333],18,0,"[4, 9, 18, 24]",26,4
707,176,2100.7949411000004,[ 0.49166667 -0.35277778],24,0,"[4, 9, 18, 24]",26,4
708,177,2108.1752415,[ 0.49375    -0.32291666],18,3,"[7, 10, 13, 18]",27,4
709,177,2108.5820506,[-0.17083333 -0.3611111 ],10,1,"[7, 10, 13, 18]",27,4
710,177,2108.945768,[ 0.20347223 -0.34236112],13,1,"[7, 10, 13, 18]",27,4
711,177,2109.315069,[-0.43680555 -0.34791666],7,0,"[7, 10, 13, 18]",27,4
712,178,2130.2496861000004,[ 0.46736112 -0.36527777],22,3,"[3, 6, 9, 22]",28,4
713,178,2132.6655792,[ 0.09722222 -0.34305555],9,2,"[3, 6, 9, 22]",28,4
714,178,2132.9575168,[-0.4097222  -0.32083333],3,0,"[3, 6, 9, 22]",28,4
715,178,2133.1695586,[-0.16458334 -0.31388888],6,0,"[3, 6, 9, 22]",28,4
716,179,2135.9816018,[ 0.3923611  -0.31319445],24,3,"[17, 18, 22, 24]",29,4
717,179,2138.3847438000003,[-0.43958333 -0.3263889 ],17,0,"[17, 18, 22, 24]",29,4
718,179,2138.7503388,[ 0.12430555 -0.30555555],22,1,"[17, 18, 22, 24]",29,4
719,179,2138.9432793,[-0.12152778 -0.31458333],18,0,"[17, 18, 22, 24]",29,4
720,180,2284.0379522000003,[ 0.50069445 -0.30763888],25,3,"[10, 15, 17, 25]",0,5
721,180,2284.5997404000004,[-0.14097223 -0.30694443],15,1,"[10, 15, 17, 25]",0,5
722,180,2285.2766187,[ 0.13541667 -0.3298611 ],17,1,"[10, 15, 17, 25]",0,5
723,180,2285.6575859000004,[-0.5472222  -0.30208334],10,0,"[10, 15, 17, 25]",0,5
724,181,2295.2716688,[-0.4097222 -0.2875   ],0,0,"[0, 7, 25, 27]",1,5
725,181,2295.7645615,[-0.09097222 -0.32708332],7,0,"[0, 7, 25, 27]",1,5
726,181,2297.4348445,[ 0.2847222  -0.31805557],25,0,"[0, 7, 25, 27]",1,5
727,181,2297.6985756000004,[ 0.5472222  -0.30972221],27,0,"[0, 7, 25, 27]",1,5
728,182,2310.6108599000004,[-0.07986111 -0.35625   ],21,1,"[13, 21, 23, 24]",2,5
729,182,2312.7427645000002,[ 0.45972222 -0.36180556],24,2,"[13, 21, 23, 24]",2,5
730,182,2313.2176601,[ 0.21111111 -0.33680555],23,1,"[13, 21, 23, 24]",2,5
731,182,2313.4802499,[-0.43541667 -0.32083333],13,0,"[13, 21, 23, 24]",2,5
732,183,2318.4334722000003,[ 0.51875   -0.3236111],19,3,"[8, 10, 12, 19]",3,5
733,183,2319.2243524,[-0.4722222  -0.31458333],8,0,"[8, 10, 12, 19]",3,5
734,183,2320.8558005,[-0.12916666 -0.31041667],10,0,"[8, 10, 12, 19]",3,5
735,183,2321.0733633,[ 0.14583333 -0.29722223],12,0,"[8, 10, 12, 19]",3,5
736,184,2326.1061588000002,[-0.22013889 -0.34097221],6,1,"[1, 6, 13, 27]",4,5
737,184,2326.4791824000004,[ 0.45694444 -0.33888888],27,2,"[1, 6, 13, 27]",4,5
738,184,2326.8731533,[-0.5590278  -0.34861112],1,0,"[1, 6, 13, 27]",4,5
739,184,2327.1412642,[ 0.12083333 -0.3263889 ],13,0,"[1, 6, 13, 27]",4,5
740,185,2334.5614477000004,[ 0.24861111 -0.32847223],15,2,"[6, 14, 15, 21]",5,5
741,185,2334.7981503,[ 0.46180555 -0.35277778],21,2,"[6, 14, 15, 21]",5,5
742,185,2337.7143688,[-0.48125    -0.31805557],6,0,"[6, 14, 15, 21]",5,5
743,185,2337.9040137,[-0.225      -0.31666666],14,0,"[6, 14, 15, 21]",5,5
744,186,2345.0121517000002,[-0.43333334 -0.32291666],8,0,"[8, 12, 18, 25]",6,5
745,186,2346.0280738,[ 0.2048611  -0.32291666],18,1,"[8, 12, 18, 25]",6,5
746,186,2346.2458354,[ 0.50555557 -0.35208333],25,1,"[8, 12, 18, 25]",6,5
747,186,2346.4979522000003,[-0.08819444 -0.3576389 ],12,0,"[8, 12, 18, 25]",6,5
748,187,2351.1069975,[-0.48541668 -0.36041668],0,0,"[0, 1, 13, 22]",7,5
749,187,2351.5199137000004,[-0.09236111 -0.3472222 ],1,0,"[0, 1, 13, 22]",7,5
750,187,2353.9198949,[ 0.21805556 -0.33194444],13,0,"[0, 1, 13, 22]",7,5
751,187,2354.1078344000002,[ 0.53055555 -0.34375   ],22,0,"[0, 1, 13, 22]",7,5
752,188,2359.6319239000004,[-0.14791666 -0.3375    ],3,1,"[1, 3, 12, 22]",8,5
753,188,2360.1209037000003,[ 0.5        -0.32777777],22,2,"[1, 3, 12, 22]",8,5
754,188,2361.2881066,[-0.46041667 -0.31458333],1,0,"[1, 3, 12, 22]",8,5
755,188,2361.5527887000003,[ 0.13958333 -0.32152778],12,0,"[1, 3, 12, 22]",8,5
756,189,2369.5709625000004,[-0.48125    -0.37222221],3,0,"[3, 15, 16, 26]",9,5
757,189,2370.0956704,[ 0.15902779 -0.3472222 ],16,1,"[3, 15, 16, 26]",9,5
758,189,2371.4586281,[ 0.48819444 -0.35972223],26,1,"[3, 15, 16, 26]",9,5
759,189,2371.7047429000004,[-0.11388889 -0.34236112],15,0,"[3, 15, 16, 26]",9,5
760,190,2379.7846457,[ 0.47708333 -0.375     ],17,3,"[5, 8, 13, 17]",10,5
761,190,2381.8528954000003,[-0.15902779 -0.39444444],8,1,"[5, 8, 13, 17]",10,5
762,190,2382.0655312000004,[ 0.13194445 -0.37986112],13,1,"[5, 8, 13, 17]",10,5
763,190,2382.4884742000004,[-0.56527776 -0.38472223],5,0,"[5, 8, 13, 17]",10,5
764,191,2387.6245522000004,[ 0.21180555 -0.33819443],19,2,"[1, 18, 19, 20]",11,5
765,191,2387.8526638000003,[ 0.49861112 -0.32708332],20,2,"[1, 18, 19, 20]",11,5
766,191,2389.7664385000003,[-0.47430557 -0.3326389 ],1,0,"[1, 18, 19, 20]",11,5
767,191,2390.0765205000002,[-0.1625    -0.3402778],18,0,"[1, 18, 19, 20]",11,5
768,192,2402.9675207,[ 0.49444443 -0.37291667],19,3,"[3, 5, 10, 19]",12,5
769,192,2403.1923236000002,[ 0.18402778 -0.38333333],10,2,"[3, 5, 10, 19]",12,5
770,192,2403.7961429,[-0.21666667 -0.35347223],5,1,"[3, 5, 10, 19]",12,5
771,192,2404.1996116,[-0.4625     -0.37013888],3,0,"[3, 5, 10, 19]",12,5
772,193,2414.3726271,[-0.12013889 -0.33402777],5,1,"[1, 5, 10, 16]",13,5
773,193,2414.6841803,[-0.5381944  -0.30833334],1,0,"[1, 5, 10, 16]",13,5
774,193,2416.1383006,[ 0.5138889 -0.3159722],16,1,"[1, 5, 10, 16]",13,5
775,193,2416.3890392000003,[ 0.2        -0.30833334],10,0,"[1, 5, 10, 16]",13,5
776,194,2424.8000399000002,[-0.15902779 -0.325     ],7,1,"[6, 7, 9, 29]",14,5
777,194,2425.0769628000003,[-0.54236114 -0.31736112],6,0,"[6, 7, 9, 29]",14,5
778,194,2425.6129659000003,[ 0.09930556 -0.31180555],9,0,"[6, 7, 9, 29]",14,5
779,194,2425.8490747,[ 0.40347221 -0.3201389 ],29,0,"[6, 7, 9, 29]",14,5
780,195,2437.6911354000003,[ 0.15625 -0.325  ],13,2,"[0, 9, 13, 24]",15,5
781,195,2437.9319361000003,[-0.15347221 -0.33125   ],9,1,"[0, 9, 13, 24]",15,5
782,195,2438.5079057000003,[-0.46736112 -0.31736112],0,0,"[0, 9, 13, 24]",15,5
783,195,2438.8415666,[ 0.37361112 -0.3263889 ],24,0,"[0, 9, 13, 24]",15,5
784,196,2445.0580514000003,[-0.11458334 -0.32222223],8,1,"[1, 8, 20, 26]",16,5
785,196,2450.0986721000004,[-0.47916666 -0.35833332],1,0,"[1, 8, 20, 26]",16,5
786,196,2450.4336199000004,[ 0.5381944  -0.39166668],26,1,"[1, 8, 20, 26]",16,5
787,196,2450.6427664000003,[ 0.21041666 -0.3638889 ],20,0,"[1, 8, 20, 26]",16,5
788,197,2456.1160442,[ 0.51805556 -0.32083333],22,3,"[8, 10, 16, 22]",17,5
789,197,2456.6536480000004,[-0.5138889  -0.33680555],8,0,"[8, 10, 16, 22]",17,5
790,197,2457.2476250000004,[ 0.14444445 -0.3513889 ],16,1,"[8, 10, 16, 22]",17,5
791,197,2457.4585012000002,[-0.15347221 -0.32847223],10,0,"[8, 10, 16, 22]",17,5
792,198,2465.6559523,[ 0.19513889 -0.38125   ],23,2,"[0, 21, 23, 28]",18,5
793,198,2465.8886054000004,[ 0.4486111 -0.35625  ],28,2,"[0, 21, 23, 28]",18,5
794,198,2466.6874768000002,[-0.48194444 -0.36666667],0,0,"[0, 21, 23, 28]",18,5
795,198,2467.074551,[-0.11388889 -0.35902777],21,0,"[0, 21, 23, 28]",18,5
796,199,2475.1024703000003,[-0.4513889  -0.36458334],10,0,"[10, 12, 17, 22]",19,5
797,199,2479.7296039000003,[ 0.44652778 -0.31736112],22,2,"[10, 12, 17, 22]",19,5
798,199,2480.0293533000004,[-0.11180556 -0.30694443],12,0,"[10, 12, 17, 22]",19,5
799,199,2480.2564094000004,[ 0.15625    -0.29444444],17,0,"[10, 12, 17, 22]",19,5
800,200,2499.6966019,[ 0.53125    -0.33402777],25,3,"[3, 9, 15, 25]",20,5
801,200,2501.9911477,[-0.44652778 -0.37083334],3,0,"[3, 9, 15, 25]",20,5
802,200,2502.6222071,[ 0.1        -0.35694444],15,1,"[3, 9, 15, 25]",20,5
803,200,2502.8082085,[-0.13055556 -0.34652779],9,0,"[3, 9, 15, 25]",20,5
804,201,2514.2552536000003,[ 0.12916666 -0.34652779],10,2,"[6, 8, 10, 17]",21,5
805,201,2514.5390912000003,[ 0.46388888 -0.3298611 ],17,2,"[6, 8, 10, 17]",21,5
806,201,2515.6629181000003,[-0.1736111  -0.35208333],8,1,"[6, 8, 10, 17]",21,5
807,201,2515.8798404000004,[-0.5402778 -0.3375   ],6,0,"[6, 8, 10, 17]",21,5
808,202,2527.6431734000003,[-0.51875    -0.29930556],11,0,"[11, 18, 19, 28]",22,5
809,202,2528.2228437000003,[ 0.4548611  -0.35277778],28,2,"[11, 18, 19, 28]",22,5
810,202,2528.4946852000003,[-0.29097223 -0.26597223],18,0,"[11, 18, 19, 28]",22,5
811,202,2528.7278524000003,[ 0.16527778 -0.29652777],19,0,"[11, 18, 19, 28]",22,5
812,203,2533.9007075000004,[-0.17291667 -0.34513888],18,1,"[4, 18, 22, 27]",23,5
813,203,2535.6358231000004,[ 0.49375   -0.3361111],27,2,"[4, 18, 22, 27]",23,5
814,203,2537.0587731,[ 0.16805555 -0.32569444],22,1,"[4, 18, 22, 27]",23,5
815,203,2537.3326402000002,[-0.51319444 -0.29305556],4,0,"[4, 18, 22, 27]",23,5
816,204,2545.3235709,[ 0.45694444 -0.36666667],27,3,"[3, 7, 15, 27]",24,5
817,204,2545.9006446000003,[ 0.14305556 -0.33194444],15,2,"[3, 7, 15, 27]",24,5
818,204,2546.1227231000003,[-0.16736111 -0.30625   ],7,1,"[3, 7, 15, 27]",24,5
819,204,2546.3925198,[-0.53680557 -0.3375    ],3,0,"[3, 7, 15, 27]",24,5
820,205,2554.1866775000003,[ 0.20763889 -0.38472223],18,2,"[2, 6, 18, 21]",25,5
821,205,2555.220644,[-0.24652778 -0.31319445],6,1,"[2, 6, 18, 21]",25,5
822,205,2556.9043817,[ 0.41111112 -0.33125   ],21,1,"[2, 6, 18, 21]",25,5
823,205,2557.223949,[-0.45833334 -0.3090278 ],2,0,"[2, 6, 18, 21]",25,5
824,206,2564.9007086,[ 0.4548611  -0.35694444],25,3,"[5, 11, 21, 25]",26,5
825,206,2565.1864983,[-0.20972222 -0.32430556],11,1,"[5, 11, 21, 25]",26,5
826,206,2565.4284889,[ 0.19375   -0.3361111],21,1,"[5, 11, 21, 25]",26,5
827,206,2565.7322811000004,[-0.4263889 -0.3576389],5,0,"[5, 11, 21, 25]",26,5
828,207,2572.1217842,[ 0.24236111 -0.38541666],18,2,"[0, 12, 18, 28]",27,5
829,207,2572.3473416,[ 0.44791666 -0.3576389 ],28,2,"[0, 12, 18, 28]",27,5
830,207,2572.679654,[-0.09722222 -0.3472222 ],12,1,"[0, 12, 18, 28]",27,5
831,207,2573.1122627000004,[-0.40625 -0.35   ],0,0,"[0, 12, 18, 28]",27,5
832,208,2576.998317,[-0.52708334 -0.3402778 ],2,0,"[2, 6, 12, 18]",28,5
833,208,2578.5974686000004,[ 0.45902777 -0.37569445],18,2,"[2, 6, 12, 18]",28,5
834,208,2578.9451623,[-0.09513889 -0.31111112],6,0,"[2, 6, 12, 18]",28,5
835,208,2579.1752701,[ 0.17708333 -0.32569444],12,0,"[2, 6, 12, 18]",28,5
836,209,2585.1625682000004,[ 0.47013888 -0.35277778],20,3,"[3, 6, 8, 20]",29,5
837,209,2585.3851672,[ 0.23472223 -0.33472222],8,2,"[3, 6, 8, 20]",29,5
838,209,2585.6360186,[-0.14583333 -0.35069445],6,1,"[3, 6, 8, 20]",29,5
839,209,2586.4820516000004,[-0.5534722  -0.34097221],3,0,"[3, 6, 8, 20]",29,5
840,210,2590.2962755000003,[-0.5083333  -0.35833332],1,0,"[1, 2, 9, 15]",0,6
841,210,2590.8080021,[ 0.23819445 -0.36666667],9,1,"[1, 2, 9, 15]",0,6
842,210,2591.4091287,[ 0.5298611  -0.38055557],15,1,"[1, 2, 9, 15]",0,6
843,210,2592.0748938,[-0.13194445 -0.35347223],2,0,"[1, 2, 9, 15]",0,6
844,211,2595.4861425000004,[-0.47847223 -0.34861112],0,0,"[0, 24, 25, 26]",1,6
845,211,2596.9759167,[ 0.4236111  -0.35972223],26,2,"[0, 24, 25, 26]",1,6
846,211,2597.2250434000002,[ 0.22569445 -0.34652779],25,1,"[0, 24, 25, 26]",1,6
847,211,2597.5020547000004,[-0.17083333 -0.35069445],24,0,"[0, 24, 25, 26]",1,6
848,212,2601.5310590000004,[ 0.4826389  -0.40208334],24,3,"[5, 6, 10, 24]",2,6
849,212,2601.9509503000004,[-0.14861111 -0.37916666],6,1,"[5, 6, 10, 24]",2,6
850,212,2602.242901,[ 0.20833333 -0.36319444],10,1,"[5, 6, 10, 24]",2,6
851,212,2602.5909823,[-0.46597221 -0.33819443],5,0,"[5, 6, 10, 24]",2,6
852,213,2608.3210808000003,[ 0.48819444 -0.36805555],27,3,"[12, 23, 24, 27]",3,6
853,213,2608.8328189000003,[-0.20416667 -0.32222223],23,1,"[12, 23, 24, 27]",3,6
854,213,2609.043909,[ 0.14722222 -0.3236111 ],24,1,"[12, 23, 24, 27]",3,6
855,213,2609.3147542,[-0.4965278  -0.30208334],12,0,"[12, 23, 24, 27]",3,6
856,214,2614.4780028,[-0.4861111  -0.30833334],8,0,"[8, 17, 21, 28]",4,6
857,214,2614.9688101,[ 0.5159722  -0.37986112],28,2,"[8, 17, 21, 28]",4,6
858,214,2615.2667613000003,[-0.17222223 -0.31458333],17,0,"[8, 17, 21, 28]",4,6
859,214,2615.4848312000004,[ 0.1875     -0.33680555],21,0,"[8, 17, 21, 28]",4,6
860,215,2618.7728557,[-0.13958333 -0.38819444],8,1,"[6, 8, 15, 19]",5,6
861,215,2621.9596896000003,[ 0.15069444 -0.37777779],15,1,"[6, 8, 15, 19]",5,6
862,215,2622.2706811000003,[-0.45833334 -0.3298611 ],6,0,"[6, 8, 15, 19]",5,6
863,215,2622.572728,[ 0.41319445 -0.36458334],19,0,"[6, 8, 15, 19]",5,6
864,216,2625.110774,[-0.16319445 -0.38472223],7,1,"[4, 7, 10, 26]",6,6
865,216,2625.5200597000003,[ 0.5083333 -0.3826389],26,2,"[4, 7, 10, 26]",6,6
866,216,2626.2266058,[-0.44236112 -0.36597222],4,0,"[4, 7, 10, 26]",6,6
867,216,2626.4796966000004,[ 0.1423611  -0.35208333],10,0,"[4, 7, 10, 26]",6,6
868,217,2632.1331210000003,[ 0.46805555 -0.35069445],15,3,"[3, 4, 8, 15]",7,6
869,217,2632.6205426,[-0.5125 -0.3   ],3,0,"[3, 4, 8, 15]",7,6
870,217,2633.5524902,[-0.13194445 -0.3013889 ],4,0,"[3, 4, 8, 15]",7,6
871,217,2633.7495441,[ 0.12986112 -0.3236111 ],8,0,"[3, 4, 8, 15]",7,6
872,218,2642.6507132,[-0.08263889 -0.3826389 ],11,1,"[7, 11, 19, 22]",8,6
873,218,2642.9345242000004,[ 0.15138888 -0.35347223],19,1,"[7, 11, 19, 22]",8,6
874,218,2643.4465681,[ 0.41527778 -0.35069445],22,1,"[7, 11, 19, 22]",8,6
875,218,2643.7605123000003,[-0.42083332 -0.27916667],7,0,"[7, 11, 19, 22]",8,6
876,219,2652.3426750000003,[ 0.19861111 -0.34930557],23,2,"[14, 21, 23, 24]",9,6
877,219,2652.8153930000003,[-0.5069444  -0.32708332],14,0,"[14, 21, 23, 24]",9,6
878,219,2654.1223957,[ 0.5277778 -0.3013889],24,1,"[14, 21, 23, 24]",9,6
879,219,2654.3892049,[-0.22361112 -0.29791668],21,0,"[14, 21, 23, 24]",9,6
880,220,2658.5895106000003,[ 0.20972222 -0.33888888],21,2,"[3, 19, 21, 24]",10,6
881,220,2658.8682428,[-0.17708333 -0.3236111 ],19,1,"[3, 19, 21, 24]",10,6
882,220,2659.3341629,[ 0.40763888 -0.31180555],24,1,"[3, 19, 21, 24]",10,6
883,220,2659.6271842,[-0.475      -0.29583332],3,0,"[3, 19, 21, 24]",10,6
884,221,2665.3481369,[-0.12916666 -0.32083333],9,1,"[8, 9, 13, 29]",11,6
885,221,2665.6811793,[ 0.44722223 -0.29305556],29,2,"[8, 9, 13, 29]",11,6
886,221,2667.0662511,[-0.45625    -0.32847223],8,0,"[8, 9, 13, 29]",11,6
887,221,2667.2962468,[ 0.20277777 -0.32291666],13,0,"[8, 9, 13, 29]",11,6
888,222,2672.1763674000003,[ 0.49513888 -0.34166667],19,3,"[13, 14, 18, 19]",12,6
889,222,2672.4371595000002,[ 0.16388889 -0.33125   ],18,2,"[13, 14, 18, 19]",12,6
890,222,2673.2630556000004,[-0.19652778 -0.35416666],14,1,"[13, 14, 18, 19]",12,6
891,222,2673.4929806,[-0.5659722 -0.3402778],13,0,"[13, 14, 18, 19]",12,6
892,223,2680.2541752,[ 0.15694444 -0.3201389 ],23,2,"[1, 15, 23, 27]",13,6
893,223,2680.5299452000004,[-0.13680555 -0.3361111 ],15,1,"[1, 15, 23, 27]",13,6
894,223,2680.7980536,[ 0.4763889  -0.32430556],27,1,"[1, 15, 23, 27]",13,6
895,223,2681.3828205000004,[-0.4548611 -0.29375  ],1,0,"[1, 15, 23, 27]",13,6
896,224,2684.0944312,[-0.19791667 -0.27569443],13,1,"[2, 13, 17, 23]",14,6
897,224,2686.030084,[ 0.48194444 -0.28819445],23,2,"[2, 13, 17, 23]",14,6
898,224,2686.2290129000003,[ 0.21041666 -0.2923611 ],17,1,"[2, 13, 17, 23]",14,6
899,224,2686.5088308000004,[-0.5       -0.3013889],2,0,"[2, 13, 17, 23]",14,6
900,225,2693.1049987,[ 0.43333334 -0.32222223],22,3,"[4, 5, 13, 22]",15,6
901,225,2695.6570064000002,[ 0.11458334 -0.33541667],13,2,"[4, 5, 13, 22]",15,6
902,225,2695.9920475000004,[-0.53333336 -0.33055556],4,0,"[4, 5, 13, 22]",15,6
903,225,2696.2827342,[-0.04930555 -0.3236111 ],5,0,"[4, 5, 13, 22]",15,6
904,226,2708.0958533000003,[ 0.21875    -0.36527777],28,2,"[4, 10, 28, 29]",16,6
905,226,2710.9716046000003,[-0.43263888 -0.3638889 ],4,0,"[4, 10, 28, 29]",16,6
906,226,2712.1060850000003,[-0.07569444 -0.36180556],10,0,"[4, 10, 28, 29]",16,6
907,226,2712.3606606000003,[ 0.42708334 -0.38402778],29,0,"[4, 10, 28, 29]",16,6
908,227,2719.1535956000002,[ 0.24305555 -0.37916666],12,2,"[1, 6, 12, 22]",17,6
909,227,2719.5635575,[-0.4826389  -0.36944443],1,0,"[1, 6, 12, 22]",17,6
910,227,2719.9785324000004,[ 0.5375    -0.3784722],22,1,"[1, 6, 12, 22]",17,6
911,227,2720.2095889,[-0.13402778 -0.34583333],6,0,"[1, 6, 12, 22]",17,6
912,228,2725.935586,[-0.12291667 -0.37708333],4,1,"[3, 4, 12, 13]",18,6
913,228,2727.2454304000003,[-0.53402776 -0.32708332],3,0,"[3, 4, 12, 13]",18,6
914,228,2727.6174066000003,[ 0.48333332 -0.35902777],13,1,"[3, 4, 12, 13]",18,6
915,228,2727.8214419,[ 0.21666667 -0.34097221],12,0,"[3, 4, 12, 13]",18,6
916,229,2731.4544476,[ 0.5076389 -0.3611111],29,3,"[3, 23, 27, 29]",19,6
917,229,2731.7136560000004,[ 0.10694444 -0.36666667],27,2,"[3, 23, 27, 29]",19,6
918,229,2732.594399,[-0.46319443 -0.32708332],3,0,"[3, 23, 27, 29]",19,6
919,229,2732.7773743000002,[-0.17777778 -0.32083333],23,0,"[3, 23, 27, 29]",19,6
920,230,2735.2754502000003,[ 0.50555557 -0.37430555],24,3,"[0, 2, 5, 24]",20,6
921,230,2738.7944930000003,[-0.12847222 -0.36944443],2,1,"[0, 2, 5, 24]",20,6
922,230,2739.0224633000003,[ 0.1        -0.34236112],5,1,"[0, 2, 5, 24]",20,6
923,230,2739.3022701,[-0.50277776 -0.3375    ],0,0,"[0, 2, 5, 24]",20,6
924,231,2742.2766264,[ 0.08888889 -0.34236112],10,2,"[2, 4, 10, 13]",21,6
925,231,2744.0932555000004,[-0.4576389  -0.32569444],2,0,"[2, 4, 10, 13]",21,6
926,231,2744.4064202000004,[-0.08888889 -0.28819445],4,0,"[2, 4, 10, 13]",21,6
927,231,2744.741281,[ 0.40347221 -0.27222222],13,0,"[2, 4, 10, 13]",21,6
928,232,2750.2044834000003,[-0.1701389  -0.30208334],9,1,"[2, 9, 25, 27]",22,6
929,232,2750.4563864,[ 0.20972222 -0.3013889 ],25,1,"[2, 9, 25, 27]",22,6
930,232,2750.7751430000003,[-0.5125    -0.3048611],2,0,"[2, 9, 25, 27]",22,6
931,232,2751.0342544,[ 0.38541666 -0.34305555],27,0,"[2, 9, 25, 27]",22,6
932,233,2759.8864304000003,[ 0.23402777 -0.35625   ],18,2,"[0, 3, 18, 28]",23,6
933,233,2760.1370484000004,[ 0.47847223 -0.3326389 ],28,2,"[0, 3, 18, 28]",23,6
934,233,2760.4242071000003,[-0.13263889 -0.3090278 ],3,1,"[0, 3, 18, 28]",23,6
935,233,2760.7119508,[-0.5236111  -0.31666666],0,0,"[0, 3, 18, 28]",23,6
936,234,2767.0912415000003,[ 0.19791667 -0.33055556],20,2,"[2, 15, 20, 26]",24,6
937,234,2767.5059556,[-0.4798611  -0.32916668],2,0,"[2, 15, 20, 26]",24,6
938,234,2770.1759180000004,[-0.075      -0.33472222],15,0,"[2, 15, 20, 26]",24,6
939,234,2770.3969879,[ 0.44236112 -0.33125   ],26,0,"[2, 15, 20, 26]",24,6
940,235,2780.2060968,[-0.12361111 -0.35902777],4,1,"[3, 4, 19, 27]",25,6
941,235,2780.9869014,[ 0.4340278  -0.36527777],27,2,"[3, 4, 19, 27]",25,6
942,235,2781.1989683,[ 0.15833333 -0.32708332],19,1,"[3, 4, 19, 27]",25,6
943,235,2781.4727485000003,[-0.48680556 -0.35069445],3,0,"[3, 4, 19, 27]",25,6
944,236,2786.6808396,[-0.4861111  -0.35833332],6,0,"[6, 15, 27, 29]",26,6
945,236,2788.2398525000003,[ 0.16666667 -0.37013888],27,1,"[6, 15, 27, 29]",26,6
946,236,2788.8626652000003,[-0.17152777 -0.35416666],15,0,"[6, 15, 27, 29]",26,6
947,236,2789.0987589,[ 0.40416667 -0.38194445],29,0,"[6, 15, 27, 29]",26,6
948,237,2792.9489108000002,[-0.5263889 -0.3402778],3,0,"[3, 7, 8, 10]",27,6
949,237,2793.7647238000004,[ 0.14097223 -0.34236112],8,1,"[3, 7, 8, 10]",27,6
950,237,2793.9866644000003,[-0.16736111 -0.34305555],7,0,"[3, 7, 8, 10]",27,6
951,237,2794.2496825000003,[ 0.5104167 -0.3638889],10,0,"[3, 7, 8, 10]",27,6
952,238,2797.4159787000003,[-0.10902778 -0.35208333],16,1,"[0, 16, 17, 26]",28,6
953,238,2799.4126552000002,[-0.45416668 -0.3784722 ],0,0,"[0, 16, 17, 26]",28,6
954,238,2800.0185324000004,[ 0.47847223 -0.37430555],26,1,"[0, 16, 17, 26]",28,6
955,238,2800.2416624,[ 0.16388889 -0.37083334],17,0,"[0, 16, 17, 26]",28,6
956,239,2804.3357247000004,[-0.47569445 -0.35555556],11,0,"[11, 18, 20, 26]",29,6
957,239,2804.6794316,[ 0.22847222 -0.3638889 ],20,1,"[11, 18, 20, 26]",29,6
958,239,2805.0294556000003,[-0.14166667 -0.36041668],18,0,"[11, 18, 20, 26]",29,6
959,239,2805.252585,[ 0.43958333 -0.37013888],26,0,"[11, 18, 20, 26]",29,6
960,240,2809.5666651,[-0.48194444 -0.3236111 ],1,0,"[1, 5, 12, 14]",0,7
961,240,2813.917565,[ 0.51111114 -0.34791666],14,2,"[1, 5, 12, 14]",0,7
962,240,2814.2498279,[-0.08819444 -0.3159722 ],5,0,"[1, 5, 12, 14]",0,7
963,240,2814.4724785000003,[ 0.18055555 -0.31805557],12,0,"[1, 5, 12, 14]",0,7
964,241,2817.7935207,[-0.43472221 -0.29166666],0,0,"[0, 18, 22, 25]",1,7
965,241,2818.9344198000003,[ 0.1625  -0.34375],22,1,"[0, 18, 22, 25]",1,7
966,241,2823.3053754000002,[ 0.50555557 -0.3513889 ],25,1,"[0, 18, 22, 25]",1,7
967,241,2823.673209,[-0.09583333 -0.31388888],18,0,"[0, 18, 22, 25]",1,7
968,242,2830.7434235,[ 0.47777778 -0.34791666],23,3,"[3, 10, 19, 23]",2,7
969,242,2831.0912713000002,[-0.21597221 -0.32291666],10,1,"[3, 10, 19, 23]",2,7
970,242,2831.3982211000002,[ 0.1736111  -0.32222223],19,1,"[3, 10, 19, 23]",2,7
971,242,2831.6471143000003,[-0.49166667 -0.31944445],3,0,"[3, 10, 19, 23]",2,7
972,243,2837.2753707,[ 0.49861112 -0.34166667],29,3,"[16, 22, 27, 29]",3,7
973,243,2837.5431246000003,[ 0.17222223 -0.32916668],27,2,"[16, 22, 27, 29]",3,7
974,243,2838.5184526000003,[-0.22638889 -0.34375   ],22,1,"[16, 22, 27, 29]",3,7
975,243,2838.8000476,[-0.58194447 -0.34236112],16,0,"[16, 22, 27, 29]",3,7
976,244,2845.9931834000004,[-0.48194444 -0.35277778],5,0,"[5, 9, 19, 22]",4,7
977,244,2847.2782217000004,[-0.19236112 -0.35      ],9,0,"[5, 9, 19, 22]",4,7
978,244,2847.6700355000003,[ 0.47916666 -0.34791666],22,1,"[5, 9, 19, 22]",4,7
979,244,2847.8699868000003,[ 0.16111112 -0.3298611 ],19,0,"[5, 9, 19, 22]",4,7
980,245,2854.2360964000004,[ 0.5104167  -0.30347222],28,3,"[4, 8, 22, 28]",5,7
981,245,2854.8079128000004,[-0.48125    -0.33402777],4,0,"[4, 8, 22, 28]",5,7
982,245,2856.6849156000003,[-0.13680555 -0.34513888],8,0,"[4, 8, 22, 28]",5,7
983,245,2856.8759892000003,[ 0.13125    -0.35069445],22,0,"[4, 8, 22, 28]",5,7
984,246,2864.7920798,[ 0.44444445 -0.3548611 ],27,3,"[3, 16, 17, 27]",6,7
985,246,2866.6337993,[-0.14861111 -0.35069445],16,1,"[3, 16, 17, 27]",6,7
986,246,2866.8289452000004,[ 0.08263889 -0.33333334],17,1,"[3, 16, 17, 27]",6,7
987,246,2867.2310766,[-0.42222223 -0.31944445],3,0,"[3, 16, 17, 27]",6,7
988,247,2869.3717810000003,[-0.4138889  -0.31666666],6,0,"[6, 10, 21, 26]",7,7
989,247,2870.7927112,[ 0.48819444 -0.3       ],26,2,"[6, 10, 21, 26]",7,7
990,247,2871.1027626,[ 0.21180555 -0.30763888],21,1,"[6, 10, 21, 26]",7,7
991,247,2871.3147708,[-0.10833333 -0.33125   ],10,0,"[6, 10, 21, 26]",7,7
992,248,2877.4278608000004,[-0.1375    -0.3576389],3,1,"[1, 3, 16, 22]",8,7
993,248,2877.7489331,[ 0.13472222 -0.35625   ],16,1,"[1, 3, 16, 22]",8,7
994,248,2880.4379232,[ 0.42430556 -0.34166667],22,1,"[1, 3, 16, 22]",8,7
995,248,2881.1435477,[-0.4652778  -0.35208333],1,0,"[1, 3, 16, 22]",8,7
996,249,2884.4927179,[-0.48680556 -0.31666666],1,0,"[1, 11, 13, 28]",9,7
997,249,2885.5555369000003,[ 0.48541668 -0.34305555],28,2,"[1, 11, 13, 28]",9,7
998,249,2886.8026087000003,[ 0.11041667 -0.35347223],13,1,"[1, 11, 13, 28]",9,7
999,249,2887.0165443,[-0.12986112 -0.34930557],11,0,"[1, 11, 13, 28]",9,7
1000,250,2897.6717664000003,[ 0.16319445 -0.35833332],21,2,"[1, 15, 21, 29]",10,7
1001,250,2897.9046193000004,[ 0.4576389 -0.3361111],29,2,"[1, 15, 21, 29]",10,7
1002,250,2898.7537973000003,[-0.18194444 -0.3472222 ],15,1,"[1, 15, 21, 29]",10,7
1003,250,2898.9244016000002,[-0.43333334 -0.3361111 ],1,0,"[1, 15, 21, 29]",10,7
1004,251,2908.4336039,[ 0.49097222 -0.35416666],22,3,"[1, 2, 9, 22]",11,7
1005,251,2908.8523278000002,[-0.11666667 -0.37083334],2,1,"[1, 2, 9, 22]",11,7
1006,251,2909.1853168000002,[ 0.16944444 -0.35208333],9,1,"[1, 2, 9, 22]",11,7
1007,251,2909.4102286,[-0.48333332 -0.3472222 ],1,0,"[1, 2, 9, 22]",11,7
1008,252,2911.9615038,[ 0.47152779 -0.35208333],29,3,"[10, 13, 19, 29]",12,7
1009,252,2912.2242838,[ 0.07986111 -0.32777777],19,2,"[10, 13, 19, 29]",12,7
1010,252,2912.8932562,[-0.49791667 -0.35972223],10,0,"[10, 13, 19, 29]",12,7
1011,252,2913.1312747,[-0.21597221 -0.35069445],13,0,"[10, 13, 19, 29]",12,7
1012,253,2916.4402737,[ 0.25902778 -0.35208333],14,2,"[6, 9, 14, 26]",13,7
1013,253,2917.7582963,[-0.1375     -0.35902777],9,1,"[6, 9, 14, 26]",13,7
1014,253,2918.1392612000004,[ 0.44791666 -0.37013888],26,1,"[6, 9, 14, 26]",13,7
1015,253,2918.4221395000004,[-0.47777778 -0.3236111 ],6,0,"[6, 9, 14, 26]",13,7
1016,254,2928.8492177000003,[ 0.43958333 -0.29097223],22,3,"[3, 9, 18, 22]",14,7
1017,254,2929.2783843,[-0.075  -0.3375],9,1,"[3, 9, 18, 22]",14,7
1018,254,2931.7340877,[ 0.14652778 -0.35555556],18,1,"[3, 9, 18, 22]",14,7
1019,254,2931.9721138,[-0.49513888 -0.3611111 ],3,0,"[3, 9, 18, 22]",14,7
1020,255,2934.2324267000004,[-0.5402778 -0.3861111],8,0,"[8, 13, 19, 24]",15,7
1021,255,2936.3600035000004,[ 0.43958333 -0.35972223],24,2,"[8, 13, 19, 24]",15,7
1022,255,2936.5911923000003,[ 0.15555556 -0.35902777],19,1,"[8, 13, 19, 24]",15,7
1023,255,2936.8099603,[-0.22986111 -0.38472223],13,0,"[8, 13, 19, 24]",15,7
1024,256,2939.5831536,[-0.24791667 -0.38958332],8,1,"[0, 8, 24, 28]",16,7
1025,256,2942.9210125000004,[-0.5263889  -0.41319445],0,0,"[0, 8, 24, 28]",16,7
1026,256,2943.4910678,[ 0.44444445 -0.40833333],28,1,"[0, 8, 24, 28]",16,7
1027,256,2943.6887552000003,[ 0.13541667 -0.3888889 ],24,0,"[0, 8, 24, 28]",16,7
1028,257,2956.0750447,[ 0.16875    -0.38333333],19,2,"[7, 9, 19, 28]",17,7
1029,257,2958.5388863000003,[-0.55138886 -0.34513888],7,0,"[7, 9, 19, 28]",17,7
1030,257,2958.9016644000003,[-0.08680555 -0.33472222],9,0,"[7, 9, 19, 28]",17,7
1031,257,2959.4856050000003,[ 0.45694444 -0.37708333],28,0,"[7, 9, 19, 28]",17,7
1032,258,2971.5458091,[ 0.14375   -0.2361111],23,2,"[16, 21, 23, 24]",18,7
1033,258,2971.9905980000003,[-0.08611111 -0.26527777],21,1,"[16, 21, 23, 24]",18,7
1034,258,2972.2724694000003,[ 0.5083333  -0.23680556],24,1,"[16, 21, 23, 24]",18,7
1035,258,2973.0104300000003,[-0.44791666 -0.21875   ],16,0,"[16, 21, 23, 24]",18,7
1036,259,2987.4065631000003,[ 0.43194443 -0.31736112],25,3,"[4, 12, 13, 25]",19,7
1037,259,2987.7343921,[-0.11458334 -0.29444444],12,1,"[4, 12, 13, 25]",19,7
1038,259,2988.4414063000004,[-0.46597221 -0.33402777],4,0,"[4, 12, 13, 25]",19,7
1039,259,2988.6453663,[ 0.04375    -0.31111112],13,0,"[4, 12, 13, 25]",19,7
1040,260,2992.9904904,[ 0.4875     -0.35277778],29,3,"[0, 12, 23, 29]",20,7
1041,260,2993.5542618000004,[-0.06875    -0.32430556],12,1,"[0, 12, 23, 29]",20,7
1042,260,2994.1976649000003,[ 0.13263889 -0.31666666],23,1,"[0, 12, 23, 29]",20,7
1043,260,2994.4662205000004,[-0.5576389 -0.3201389],0,0,"[0, 12, 23, 29]",20,7
1044,261,2999.7703729,[ 0.49444443 -0.38402778],24,3,"[7, 10, 13, 24]",21,7
1045,261,3000.2936696,[-0.15625 -0.35   ],10,1,"[7, 10, 13, 24]",21,7
1046,261,3001.0471502,[ 0.08125   -0.3611111],13,1,"[7, 10, 13, 24]",21,7
1047,261,3001.4721511000002,[-0.51944447 -0.36041668],7,0,"[7, 10, 13, 24]",21,7
1048,262,3004.7355054000004,[ 0.14444445 -0.36875   ],17,2,"[0, 11, 17, 27]",22,7
1049,262,3006.161641,[-0.12291667 -0.30416667],11,1,"[0, 11, 17, 27]",22,7
1050,262,3006.4313598000003,[ 0.47083333 -0.34791666],27,1,"[0, 11, 17, 27]",22,7
1051,262,3006.7232053000002,[-0.46458334 -0.31458333],0,0,"[0, 11, 17, 27]",22,7
1052,263,3012.923255,[-0.09722222 -0.38402778],18,1,"[15, 18, 21, 28]",23,7
1053,263,3013.2200898,[ 0.15694444 -0.3784722 ],21,1,"[15, 18, 21, 28]",23,7
1054,263,3013.9360522,[-0.42152777 -0.37430555],15,0,"[15, 18, 21, 28]",23,7
1055,263,3014.2300029000003,[ 0.4125     -0.38819444],28,0,"[15, 18, 21, 28]",23,7
1056,264,3025.5000956000003,[-0.11527777 -0.37013888],8,1,"[5, 8, 20, 28]",24,7
1057,264,3025.8652193000003,[ 0.59375 -0.375  ],28,2,"[5, 8, 20, 28]",24,7
1058,264,3026.9200199,[-0.48472223 -0.37986112],5,0,"[5, 8, 20, 28]",24,7
1059,264,3027.1810735000004,[ 0.16944444 -0.36527777],20,0,"[5, 8, 20, 28]",24,7
1060,265,3033.5860342,[-0.50069445 -0.35902777],3,0,"[3, 9, 17, 28]",25,7
1061,265,3036.713955,[-0.10694444 -0.41319445],9,0,"[3, 9, 17, 28]",25,7
1062,265,3037.0178091000002,[ 0.5152778 -0.4027778],28,1,"[3, 9, 17, 28]",25,7
1063,265,3037.2158058,[ 0.20555556 -0.37708333],17,0,"[3, 9, 17, 28]",25,7
1064,266,3041.8009783,[-0.14375    -0.37291667],9,1,"[1, 9, 14, 22]",26,7
1065,266,3043.0407795,[ 0.12291667 -0.37013888],14,1,"[1, 9, 14, 22]",26,7
1066,266,3044.3710237,[ 0.42222223 -0.36180556],22,1,"[1, 9, 14, 22]",26,7
1067,266,3044.7006383000003,[-0.48819444 -0.35902777],1,0,"[1, 9, 14, 22]",26,7
1068,267,3052.981174,[ 0.10138889 -0.40416667],7,2,"[3, 6, 7, 15]",27,7
1069,267,3053.8056278000004,[-0.46180555 -0.37569445],3,0,"[3, 6, 7, 15]",27,7
1070,267,3054.0446376,[-0.15833333 -0.36666667],6,0,"[3, 6, 7, 15]",27,7
1071,267,3054.3176285000004,[ 0.47291666 -0.41805556],15,0,"[3, 6, 7, 15]",27,7
1072,268,3057.5657058,[ 0.21944444 -0.4       ],22,2,"[11, 14, 22, 23]",28,7
1073,268,3057.7956963,[ 0.4652778 -0.3548611],23,2,"[11, 14, 22, 23]",28,7
1074,268,3058.4905898,[-0.12569444 -0.35416666],14,1,"[11, 14, 22, 23]",28,7
1075,268,3058.7114591000004,[-0.5034722 -0.33125  ],11,0,"[11, 14, 22, 23]",28,7
1076,269,3061.3107630000004,[-0.2625     -0.35555556],12,1,"[6, 12, 14, 21]",29,7
1077,269,3062.1596449000003,[ 0.45277777 -0.34583333],21,2,"[6, 12, 14, 21]",29,7
1078,269,3062.6664504,[-0.43333334 -0.34097221],6,0,"[6, 12, 14, 21]",29,7
1079,269,3062.890429,[ 0.11111111 -0.31736112],14,0,"[6, 12, 14, 21]",29,7
1080,270,3270.4654367000003,[-0.39583334 -0.28194445],9,0,"[9, 11, 21, 22]",0,8
1081,270,3271.2270459,[ 0.58055556 -0.27083334],22,2,"[9, 11, 21, 22]",0,8
1082,270,3272.8359790000004,[-0.13333334 -0.31805557],11,0,"[9, 11, 21, 22]",0,8
1083,270,3273.0691143000004,[ 0.17777778 -0.30347222],21,0,"[9, 11, 21, 22]",0,8
1084,271,3277.1430607,[-0.48680556 -0.25902778],0,0,"[0, 13, 17, 18]",1,8
1085,271,3279.9970013,[ 0.30069444 -0.30208334],17,1,"[0, 13, 17, 18]",1,8
1086,271,3280.3630699,[-0.12638889 -0.33055556],13,0,"[0, 13, 17, 18]",1,8
1087,271,3280.5950109,[ 0.52916664 -0.32847223],18,0,"[0, 13, 17, 18]",1,8
1088,272,3286.1839239,[ 0.54930556 -0.19791667],28,3,"[9, 23, 24, 28]",2,8
1089,272,3287.9098597,[-0.4763889 -0.2638889],9,0,"[9, 23, 24, 28]",2,8
1090,272,3288.2958117000003,[ 0.16527778 -0.26666668],24,1,"[9, 23, 24, 28]",2,8
1091,272,3288.5018363000004,[-0.14375    -0.26319444],23,0,"[9, 23, 24, 28]",2,8
1092,273,3293.4639407000004,[ 0.5472222 -0.2534722],27,3,"[19, 25, 26, 27]",3,8
1093,273,3296.1328153000004,[-0.13472222 -0.27986112],25,1,"[19, 25, 26, 27]",3,8
1094,273,3296.3528019,[ 0.13472222 -0.27916667],26,1,"[19, 25, 26, 27]",3,8
1095,273,3296.6576728,[-0.41805556 -0.26319444],19,0,"[19, 25, 26, 27]",3,8
1096,274,3308.4535721,[ 0.49305555 -0.29444444],26,3,"[12, 15, 18, 26]",4,8
1097,274,3309.3029751000004,[-0.12916666 -0.31666666],15,1,"[12, 15, 18, 26]",4,8
1098,274,3309.5525362000003,[ 0.12083333 -0.29722223],18,1,"[12, 15, 18, 26]",4,8
1099,274,3309.8325064,[-0.54444444 -0.30347222],12,0,"[12, 15, 18, 26]",4,8
1100,275,3315.8907283000003,[-0.5090278  -0.24791667],4,0,"[4, 8, 10, 15]",5,8
1101,275,3316.2947526000003,[-0.2125     -0.25138888],8,0,"[4, 8, 10, 15]",5,8
1102,275,3317.4844747,[ 0.44166666 -0.3090278 ],15,1,"[4, 8, 10, 15]",5,8
1103,275,3317.7144439000003,[ 0.15486111 -0.3048611 ],10,0,"[4, 8, 10, 15]",5,8
1104,276,3323.9286626000003,[-0.4548611 -0.2673611],14,0,"[14, 15, 26, 27]",6,8
1105,276,3325.3935531,[ 0.12291667 -0.30347222],26,1,"[14, 15, 26, 27]",6,8
1106,276,3325.6103517,[-0.16597222 -0.30972221],15,0,"[14, 15, 26, 27]",6,8
1107,276,3325.8144636,[ 0.49305555 -0.29305556],27,0,"[14, 15, 26, 27]",6,8
1108,277,3328.9364996000004,[-0.5590278  -0.26805556],1,0,"[1, 14, 16, 26]",7,8
1109,277,3329.662376,[ 0.0375     -0.28680557],16,1,"[1, 14, 16, 26]",7,8
1110,277,3330.1273579000003,[-0.12083333 -0.28402779],14,0,"[1, 14, 16, 26]",7,8
1111,277,3330.3353523,[ 0.43541667 -0.31319445],26,0,"[1, 14, 16, 26]",7,8
1112,278,3335.7566151,[-0.5        -0.34652779],3,0,"[3, 18, 20, 25]",8,8
1113,278,3336.1173555,[ 0.5069444 -0.3784722],25,2,"[3, 18, 20, 25]",8,8
1114,278,3336.3694694,[-0.30694443 -0.3201389 ],18,0,"[3, 18, 20, 25]",8,8
1115,278,3336.7082377,[ 0.20763889 -0.32152778],20,0,"[3, 18, 20, 25]",8,8
1116,279,3340.6266847,[-0.18055555 -0.32708332],1,1,"[0, 1, 11, 21]",9,8
1117,279,3340.8893047,[-0.50625    -0.30416667],0,0,"[0, 1, 11, 21]",9,8
1118,279,3341.5342461,[ 0.21041666 -0.33333334],11,0,"[0, 1, 11, 21]",9,8
1119,279,3341.7282822,[ 0.49791667 -0.36458334],21,0,"[0, 1, 11, 21]",9,8
1120,280,3347.3174120000003,[ 0.23125    -0.35833332],20,2,"[8, 12, 20, 28]",10,8
1121,280,3347.7252350000003,[-0.41041666 -0.32708332],8,0,"[8, 12, 20, 28]",10,8
1122,280,3348.0441484000003,[ 0.5298611 -0.3625   ],28,1,"[8, 12, 20, 28]",10,8
1123,280,3348.3310553,[-0.27083334 -0.35069445],12,0,"[8, 12, 20, 28]",10,8
1124,281,3357.6498290000004,[-0.12916666 -0.31388888],10,1,"[0, 10, 15, 22]",11,8
1125,281,3358.015123,[ 0.55694443 -0.3326389 ],22,2,"[0, 10, 15, 22]",11,8
1126,281,3358.2441414,[ 0.14166667 -0.30416667],15,1,"[0, 10, 15, 22]",11,8
1127,281,3358.5469646,[-0.40069443 -0.3263889 ],0,0,"[0, 10, 15, 22]",11,8
1128,282,3366.435109,[ 0.5638889 -0.3784722],29,3,"[4, 14, 23, 29]",12,8
1129,282,3367.7119580000003,[ 0.13194445 -0.39097223],23,2,"[4, 14, 23, 29]",12,8
1130,282,3367.9951583,[-0.5152778  -0.35069445],4,0,"[4, 14, 23, 29]",12,8
1131,282,3368.2169295000003,[-0.19791667 -0.34791666],14,0,"[4, 14, 23, 29]",12,8
1132,283,3374.1370368000003,[-0.4298611 -0.3625   ],1,0,"[1, 7, 14, 29]",13,8
1133,283,3374.4550839000003,[ 0.14166667 -0.36458334],14,1,"[1, 7, 14, 29]",13,8
1134,283,3374.7007719000003,[-0.19583334 -0.35208333],7,0,"[1, 7, 14, 29]",13,8
1135,283,3374.9658881,[ 0.45972222 -0.35694444],29,0,"[1, 7, 14, 29]",13,8
1136,284,3382.1439920000003,[-0.46944445 -0.3361111 ],6,0,"[6, 10, 12, 13]",14,8
1137,284,3382.8667252,[ 0.48680556 -0.35208333],13,2,"[6, 10, 12, 13]",14,8
1138,284,3383.1326667000003,[-0.18819444 -0.32430556],10,0,"[6, 10, 12, 13]",14,8
1139,284,3383.3347734000004,[ 0.18472221 -0.3298611 ],12,0,"[6, 10, 12, 13]",14,8
1140,285,3391.9571406,[-0.06180555 -0.30277777],13,1,"[0, 13, 19, 28]",15,8
1141,285,3392.3889685000004,[ 0.5152778  -0.33055556],28,2,"[0, 13, 19, 28]",15,8
1142,285,3392.6825517,[-0.47430557 -0.32916668],0,0,"[0, 13, 19, 28]",15,8
1143,285,3392.9756907,[ 0.17847222 -0.33888888],19,0,"[0, 13, 19, 28]",15,8
1144,286,3399.8368686000003,[ 0.24513888 -0.35902777],8,2,"[4, 6, 8, 15]",16,8
1145,286,3400.2355574000003,[-0.13055556 -0.36805555],6,1,"[4, 6, 8, 15]",16,8
1146,286,3400.5735855000003,[-0.39791667 -0.3361111 ],4,0,"[4, 6, 8, 15]",16,8
1147,286,3401.0326104,[ 0.5416667 -0.2986111],15,0,"[4, 6, 8, 15]",16,8
1148,287,3406.7265934,[ 0.24513888 -0.33402777],20,2,"[0, 1, 20, 27]",17,8
1149,287,3406.9736114,[ 0.48541668 -0.33055556],27,2,"[0, 1, 20, 27]",17,8
1150,287,3408.4928931000004,[-0.4763889 -0.3236111],0,0,"[0, 1, 20, 27]",17,8
1151,287,3408.7026119,[-0.225      -0.32916668],1,0,"[0, 1, 20, 27]",17,8
1152,288,3422.8534507000004,[ 0.46805555 -0.3375    ],23,3,"[12, 16, 17, 23]",18,8
1153,288,3423.1112914,[ 0.15902779 -0.35694444],17,2,"[12, 16, 17, 23]",18,8
1154,288,3424.1193552000004,[-0.21527778 -0.33888888],16,1,"[12, 16, 17, 23]",18,8
1155,288,3424.3314553,[-0.49027777 -0.32777777],12,0,"[12, 16, 17, 23]",18,8
1156,289,3432.4714980000003,[-0.15833333 -0.3576389 ],3,1,"[2, 3, 25, 27]",19,8
1157,289,3432.9210898,[ 0.48194444 -0.36041668],27,2,"[2, 3, 25, 27]",19,8
1158,289,3433.112124,[ 0.15138888 -0.34236112],25,1,"[2, 3, 25, 27]",19,8
1159,289,3433.4700904,[-0.425      -0.33055556],2,0,"[2, 3, 25, 27]",19,8
1160,290,3436.7912492,[ 0.16666667 -0.33055556],24,2,"[5, 21, 24, 29]",20,8
1161,290,3437.2565120000004,[ 0.49166667 -0.32222223],29,2,"[5, 21, 24, 29]",20,8
1162,290,3438.0863491,[-0.15763889 -0.28055555],21,1,"[5, 21, 24, 29]",20,8
1163,290,3438.3500168,[-0.5361111  -0.30763888],5,0,"[5, 21, 24, 29]",20,8
1164,291,3442.3883193,[-0.12083333 -0.3402778 ],10,1,"[4, 10, 14, 28]",21,8
1165,291,3442.7049703000002,[ 0.5222222  -0.33958334],28,2,"[4, 10, 14, 28]",21,8
1166,291,3444.0940032000003,[-0.4652778  -0.34097221],4,0,"[4, 10, 14, 28]",21,8
1167,291,3444.3800877000003,[ 0.17847222 -0.35069445],14,0,"[4, 10, 14, 28]",21,8
1168,292,3449.4799916,[ 0.44444445 -0.34861112],11,3,"[1, 3, 9, 11]",22,8
1169,292,3449.7250078,[ 0.16180556 -0.34930557],9,2,"[1, 3, 9, 11]",22,8
1170,292,3451.4781168000004,[-0.16736111 -0.3402778 ],3,1,"[1, 3, 9, 11]",22,8
1171,292,3451.6889728,[-0.45902777 -0.34166667],1,0,"[1, 3, 9, 11]",22,8
1172,293,3455.9750636000003,[ 0.50625    -0.36527777],26,3,"[15, 18, 21, 26]",23,8
1173,293,3456.2719445000002,[-0.16666667 -0.36319444],18,1,"[15, 18, 21, 26]",23,8
1174,293,3457.3939409000004,[-0.4722222  -0.31319445],15,0,"[15, 18, 21, 26]",23,8
1175,293,3457.606933,[ 0.17083333 -0.3326389 ],21,0,"[15, 18, 21, 26]",23,8
1176,294,3460.3521961,[ 0.5847222 -0.3361111],21,3,"[1, 2, 6, 21]",24,8
1177,294,3465.0799189000004,[-0.1625    -0.3013889],2,1,"[1, 2, 6, 21]",24,8
1178,294,3465.7586583,[ 0.14652778 -0.30347222],6,1,"[1, 2, 6, 21]",24,8
1179,294,3466.0048148,[-0.61944443 -0.28819445],1,0,"[1, 2, 6, 21]",24,8
1180,295,3474.9941982,[-0.11388889 -0.31388888],8,1,"[6, 8, 28, 29]",25,8
1181,295,3475.3786011,[ 0.27222222 -0.31458333],28,1,"[6, 8, 28, 29]",25,8
1182,295,3475.5817164,[ 0.4611111  -0.30555555],29,1,"[6, 8, 28, 29]",25,8
1183,295,3475.8685847,[-0.48819444 -0.26666668],6,0,"[6, 8, 28, 29]",25,8
1184,296,3485.6499335000003,[-0.18472221 -0.27569443],7,1,"[2, 7, 10, 16]",26,8
1185,296,3486.7324738,[ 0.16458334 -0.28680557],10,1,"[2, 7, 10, 16]",26,8
1186,296,3486.9986941,[ 0.4451389 -0.2888889],16,1,"[2, 7, 10, 16]",26,8
1187,296,3487.3095767000004,[-0.40416667 -0.2534722 ],2,0,"[2, 7, 10, 16]",26,8
1188,297,3493.1436011,[-0.13958333 -0.28611112],8,1,"[2, 8, 9, 17]",27,8
1189,297,3493.4384788,[ 0.49305555 -0.28958333],17,2,"[2, 8, 9, 17]",27,8
1190,297,3494.3704467000002,[-0.5090278  -0.29791668],2,0,"[2, 8, 9, 17]",27,8
1191,297,3494.6304924,[ 0.11805555 -0.29166666],9,0,"[2, 8, 9, 17]",27,8
1192,298,3498.1024069,[-0.17222223 -0.31319445],16,1,"[9, 16, 22, 24]",28,8
1193,298,3500.0135991,[ 0.225  -0.3125],22,1,"[9, 16, 22, 24]",28,8
1194,298,3500.2474702000004,[ 0.5090278  -0.30347222],24,1,"[9, 16, 22, 24]",28,8
1195,298,3500.8662327,[-0.45069444 -0.31527779],9,0,"[9, 16, 22, 24]",28,8
1196,299,3504.4833548,[-0.12013889 -0.34513888],19,1,"[2, 19, 20, 24]",29,8
1197,299,3504.7513733,[ 0.45347223 -0.325     ],24,2,"[2, 19, 20, 24]",29,8
1198,299,3504.969336,[ 0.18125 -0.325  ],20,1,"[2, 19, 20, 24]",29,8
1199,299,3505.2462247000003,[-0.5388889  -0.31319445],2,0,"[2, 19, 20, 24]",29,8
