,exp_trial_num,staircase_id,staircase_trial_num,distance,current_step_size,clicked_face_id,click_position,click_time_experiment,click_time_current_trial,faces_shown,was_correct,next_direction
0,0,20-27,0,500,400,20-27-642_0_image,[ 0.37291667 -0.04652778],2.553865399910137,2.0440537000540644,"20-27-142_1_image,20-27-142_0_image,20-27-642_0_image",True,down
1,0,9-14,0,500,400,9-14-637_0_image,[-0.37430556 -0.04166667],5.5138215001206845,1.8194873000029474,"9-14-637_0_image,9-14-137_1_image,9-14-137_0_image",True,down
2,0,14-30,0,500,400,14-30-974_0_image,[-0.10625    -0.05277778],10.44177130004391,3.828759200172499,"14-30-474_0_image,14-30-974_0_image,14-30-974_1_image",False,up
3,0,11-22,0,500,400,11-22-57_0_image,[-0.47083333 -0.03333333],13.38580680009909,1.8355338999535888,"11-22-57_0_image,11-22-557_0_image,11-22-557_1_image",True,down
4,0,5-30,0,500,400,5-30-176_0_image,[ 0.01041667 -0.03541667],16.98595150001347,2.5000150001142174,"5-30-676_0_image,5-30-176_0_image,5-30-676_1_image",True,down
5,0,3-4,0,500,400,3-4-634_0_image,[-0.39305556 -0.02152778],21.23383229994215,3.1448870000895113,"3-4-634_0_image,3-4-134_1_image,3-4-134_0_image",True,down
6,0,6-14,0,500,400,6-14-279_0_image,[-0.38819444 -0.02013889],23.907571099931374,1.5653355000540614,"6-14-279_0_image,6-14-779_0_image,6-14-779_1_image",True,down
7,0,19-20,0,500,400,19-20-816_0_image,[-0.03819444 -0.03125   ],27.945796499960124,2.9499059000518173,"19-20-316_0_image,19-20-816_0_image,19-20-316_1_image",True,down
8,0,7-28,0,500,400,7-28-102_0_image,[-0.05138889 -0.03888889],32.29784099990502,3.2502739001065493,"7-28-602_0_image,7-28-102_0_image,7-28-602_1_image",True,down
9,0,4-7,0,500,400,4-7-228_0_image,[ 0.41527778 -0.04583333],35.2977710000705,1.8966582999564707,"4-7-728_0_image,4-7-728_1_image,4-7-228_0_image",True,down
10,0,15-19,0,500,400,15-19-431_0_image,[ 0.43263889 -0.04583333],38.297872100025415,1.894399099983275,"15-19-931_0_image,15-19-931_1_image,15-19-431_0_image",True,down
11,0,3-13,0,500,400,3-13-453_0_image,[ 0.05069444 -0.02361111],41.265832999954,1.8599287001416087,"3-13-953_1_image,3-13-453_0_image,3-13-953_0_image",True,down
12,1,4-7,1,100,400,4-7-673_1_image,[ 0.42986111 -0.02708333],44.12978610000573,1.7382163999136537,"4-7-773_0_image,4-7-673_0_image,4-7-673_1_image",False,up
13,1,7-28,1,100,400,7-28-850_0_image,[ 0.40416667 -0.02430556],49.75387690006755,4.5249777000863105,"7-28-950_1_image,7-28-950_0_image,7-28-850_0_image",True,down
14,1,19-20,1,100,400,19-20-118_0_image,[ 0.4375     -0.02986111],55.361914900131524,4.496909799985588,"19-20-18_0_image,19-20-18_1_image,19-20-118_0_image",True,down
15,1,5-30,1,100,400,5-30-4_0_image,[ 0.11875    -0.02708333],60.16976199997589,3.7002616999670863,"5-30-104_0_image,5-30-4_0_image,5-30-104_1_image",True,down
16,1,14-30,1,900,400,14-30-81_0_image,[ 0.04930556 -0.01944444],62.537749900016934,1.2643873000051826,"14-30-981_0_image,14-30-81_0_image,14-30-981_1_image",True,down
17,1,3-4,1,100,400,3-4-526_0_image,[ 0.05138889 -0.01805556],66.8918224000372,3.2498659999109805,"3-4-626_0_image,3-4-526_0_image,3-4-526_1_image",False,up
18,1,3-13,1,100,400,3-13-399_0_image,[ 0.00277778 -0.01111111],70.54579879995435,2.550404600100592,"3-13-499_0_image,3-13-399_0_image,3-13-399_1_image",False,up
19,1,15-19,1,100,400,15-19-793_0_image,[ 0.41944444 -0.03194444],76.55395480012521,4.90424169995822,"15-19-893_0_image,15-19-893_1_image,15-19-793_0_image",True,down
20,1,6-14,1,100,400,6-14-667_0_image,[ 0.02638889 -0.025     ],80.66590330004692,3.0128132000099868,"6-14-767_1_image,6-14-667_0_image,6-14-767_0_image",True,down
21,1,11-22,1,100,400,11-22-462_0_image,[ 0.40763889 -0.04791667],85.56991670001298,3.796874599996954,"11-22-462_1_image,11-22-562_0_image,11-22-462_0_image",False,up
22,1,9-14,1,100,400,9-14-228_0_image,[-0.32777778  0.00833333],88.76184100005776,2.0848685998935252,"9-14-228_0_image,9-14-228_1_image,9-14-128_0_image",False,up
23,1,20-27,1,100,400,20-27-518_1_image,[-0.01458333 -0.00833333],93.02588990004733,3.163056300021708,"20-27-518_0_image,20-27-518_1_image,20-27-618_0_image",False,up
24,2,6-14,2,1,400,6-14-748_0_image,[-0.47083333 -0.00069444],99.27375250007026,5.107497000135481,"6-14-748_0_image,6-14-748_1_image,6-14-749_0_image",False,up
25,2,5-30,2,1,400,5-30-401_0_image,[-0.04027778 -0.04236111],104.96973869996145,4.596660600043833,"5-30-401_1_image,5-30-401_0_image,5-30-402_0_image",False,up
26,2,7-28,2,1,400,7-28-344_0_image,[-0.35972222 -0.01319444],110.96177960000932,4.88597059994936,"7-28-344_0_image,7-28-345_0_image,7-28-345_1_image",True,down
27,2,15-19,2,1,400,15-19-197_1_image,[ 0.03125    -0.04861111],115.92973330011591,3.882853499846533,"15-19-197_0_image,15-19-197_1_image,15-19-198_0_image",False,up
28,2,3-13,2,420,320,3-13-866_0_image,[ 0.51666667 -0.08333333],120.4177882000804,3.3832296000327915,"3-13-446_0_image,3-13-446_1_image,3-13-866_0_image",True,up
29,2,11-22,2,420,320,11-22-907_0_image,[-0.47152778  0.01319444],124.177747100126,2.6561740001197904,"11-22-907_0_image,11-22-487_0_image,11-22-487_1_image",True,up
30,2,14-30,2,580,320,14-30-96_0_image,[-0.45763889  0.01527778],127.25772719993256,1.9832663000561297,"14-30-96_0_image,14-30-676_1_image,14-30-676_0_image",True,down
31,2,3-4,2,420,320,3-4-900_0_image,[-0.15972222 -0.0125    ],131.07389939995483,2.7120578999165446,"3-4-480_0_image,3-4-900_0_image,3-4-480_1_image",True,up
32,2,19-20,2,1,400,19-20-192_1_image,[-0.00347222 -0.02986111],135.04191610007547,2.861888100160286,"19-20-192_0_image,19-20-192_1_image,19-20-191_0_image",False,up
33,2,20-27,2,420,320,20-27-589_0_image,[-0.01458333 -0.02638889],138.26576160010882,2.115942799951881,"20-27-169_0_image,20-27-589_0_image,20-27-589_1_image",False,up
34,2,4-7,2,420,320,4-7-690_0_image,[-0.43680556 -0.01458333],143.56970150000416,4.200608499813825,"4-7-690_0_image,4-7-270_0_image,4-7-270_1_image",True,up
35,2,9-14,2,420,320,9-14-338_0_image,[-0.09375    -0.03194444],147.8738792000804,3.2006027998868376,"9-14-758_0_image,9-14-338_0_image,9-14-758_1_image",True,up
36,3,11-22,3,420,320,11-22-812_1_image,[-0.37986111 -0.01597222],150.98580670007505,1.9924280000850558,"11-22-812_1_image,11-22-392_0_image,11-22-812_0_image",False,up
37,3,14-30,3,580,320,14-30-275_0_image,[ 0.37777778 -0.07083333],155.67378209996969,3.575601299991831,"14-30-855_1_image,14-30-855_0_image,14-30-275_0_image",True,down
38,3,3-4,3,420,320,3-4-52_0_image,[ 0.01944444 -0.0375    ],160.06582879996859,3.2828569000121206,"3-4-472_1_image,3-4-52_0_image,3-4-472_0_image",True,down
39,3,20-27,3,740,320,20-27-217_0_image,[ 0.02291667 -0.03888889],163.40190459997393,2.232043200172484,"20-27-957_0_image,20-27-217_0_image,20-27-957_1_image",True,up
40,3,3-13,3,420,320,3-13-335_0_image,[ 0.02361111 -0.03888889],165.9876751000993,1.4818082000128925,"3-13-755_0_image,3-13-335_0_image,3-13-755_1_image",True,down
41,3,5-30,3,321,320,5-30-559_1_image,[ 0.02430556 -0.03819444],171.27403170010075,4.182789800222963,"5-30-238_0_image,5-30-559_1_image,5-30-559_0_image",False,up
42,3,15-19,3,321,320,15-19-697_0_image,[ 0.02777778 -0.04444444],175.72994989994913,3.367859800113365,"15-19-376_0_image,15-19-697_0_image,15-19-376_1_image",True,up
43,3,6-14,3,321,320,6-14-925_1_image,[ 0.02777778 -0.04444444],179.79880110011436,2.9647651999257505,"6-14-604_0_image,6-14-925_1_image,6-14-925_0_image",False,up
44,3,7-28,3,1,400,7-28-312_1_image,[-0.32569444 -0.01736111],186.13784139999188,5.23560359980911,"7-28-312_1_image,7-28-312_0_image,7-28-311_0_image",False,up
45,3,4-7,3,420,320,4-7-836_0_image,[ 0.51458333 -0.08263889],191.0738250000868,3.833170099882409,"4-7-416_1_image,4-7-416_0_image,4-7-836_0_image",True,down
46,3,19-20,3,321,320,19-20-180_0_image,[ 0.37708333 -0.05625   ],197.00995639991015,4.832046400057152,"19-20-501_1_image,19-20-501_0_image,19-20-180_0_image",True,up
47,3,9-14,3,420,320,9-14-388_0_image,[-0.44166667  0.00763889],200.99371440010145,2.8776551000773907,"9-14-388_0_image,9-14-808_0_image,9-14-808_1_image",True,down
48,4,7-28,4,321,320,7-28-937_0_image,[ 0.02569444 -0.01666667],204.7618704000488,2.626004599966109,"7-28-616_0_image,7-28-937_0_image,7-28-616_1_image",True,up
49,4,6-14,4,641,320,6-14-686_0_image,[-0.41180556 -0.00763889],208.12180129997432,2.2477585999295115,"6-14-686_0_image,6-14-45_1_image,6-14-45_0_image",True,up
50,4,15-19,4,321,320,15-19-736_0_image,[-0.40763889 -0.01111111],213.249738200102,4.024841600097716,"15-19-736_0_image,15-19-415_1_image,15-19-415_0_image",True,down
51,4,9-14,4,180,240,9-14-204_0_image,[ 0.01736111 -0.03333333],220.5299021000974,6.184252700069919,"9-14-204_1_image,9-14-204_0_image,9-14-384_0_image",False,up
52,4,20-27,4,740,320,20-27-149_0_image,[ 0.33125    -0.05833333],225.96989029995166,4.335068800020963,"20-27-889_0_image,20-27-889_1_image,20-27-149_0_image",True,down
53,4,3-4,4,180,240,3-4-876_0_image,[ 0.38888889 -0.06527778],233.40979339997284,6.33728660014458,"3-4-696_1_image,3-4-696_0_image,3-4-876_0_image",True,down
54,4,11-22,4,740,320,11-22-207_0_image,[ 0.06388889 -0.03611111],236.55377270001918,2.0420534999575466,"11-22-947_1_image,11-22-207_0_image,11-22-947_0_image",True,up
55,4,3-13,4,180,240,3-13-727_0_image,[ 0.37847222 -0.05972222],244.5698080000002,6.904011700069532,"3-13-727_1_image,3-13-907_0_image,3-13-727_0_image",False,up
56,4,5-30,4,641,320,5-30-680_0_image,[-0.3625      0.01180556],247.77012869995087,2.099483300000429,"5-30-680_0_image,5-30-39_0_image,5-30-39_1_image",True,up
57,4,14-30,4,260,320,14-30-510_0_image,[ 0.5        -0.07638889],252.40988059993833,3.5367018000688404,"14-30-510_1_image,14-30-770_0_image,14-30-510_0_image",False,up
58,4,4-7,4,180,240,4-7-262_0_image,[ 0.37222222 -0.04930556],258.7217798999045,5.211589700076729,"4-7-442_0_image,4-7-442_1_image,4-7-262_0_image",True,down
59,4,19-20,4,321,320,19-20-129_0_image,[ 0.10833333 -0.02083333],263.80176920001395,3.9864996999967843,"19-20-450_0_image,19-20-129_0_image,19-20-129_1_image",False,up
60,5,14-30,5,500,240,14-30-958_0_image,[ 0.07152778 -0.01875   ],266.9138191000093,1.9777611000463367,"14-30-458_1_image,14-30-958_0_image,14-30-458_0_image",True,up
61,5,19-20,5,641,320,19-20-133_0_image,[ 0.44791667 -0.05416667],271.9937609001063,3.9704962000250816,"19-20-774_0_image,19-20-133_1_image,19-20-133_0_image",False,up
62,5,5-30,5,641,320,5-30-115_0_image,[-0.40902778 -0.00833333],276.137711700052,3.045172599842772,"5-30-115_0_image,5-30-756_1_image,5-30-756_0_image",True,down
63,5,7-28,5,321,320,7-28-190_0_image,[ 0.41180556 -0.06736111],280.729788800003,3.4839556000661105,"7-28-511_0_image,7-28-511_1_image,7-28-190_0_image",True,down
64,5,11-22,5,740,320,11-22-219_0_image,[ 0.03541667 -0.03333333],284.129845000105,2.296906900126487,"11-22-959_0_image,11-22-219_0_image,11-22-959_1_image",True,down
65,5,9-14,5,380,200,9-14-394_0_image,[-0.44513889  0.01180556],288.45785279991105,3.222228799946606,"9-14-394_0_image,9-14-14_0_image,9-14-14_1_image",True,up
66,5,3-4,5,180,240,3-4-653_1_image,[-0.06319444 -0.01388889],293.83376120007597,4.278068399988115,"3-4-653_0_image,3-4-653_1_image,3-4-473_0_image",False,up
67,5,3-13,5,380,200,3-13-332_0_image,[-0.06319444 -0.01388889],297.3058919000905,2.3610661001875997,"3-13-712_1_image,3-13-332_0_image,3-13-712_0_image",True,up
68,5,15-19,5,81,240,15-19-566_0_image,[ 0.00763889 -0.02638889],302.9378385001328,4.541766899870709,"15-19-566_1_image,15-19-566_0_image,15-19-647_0_image",False,up
69,5,6-14,5,641,320,6-14-96_0_image,[-0.45069444 -0.00069444],305.50569729995914,1.4717586999759078,"6-14-96_0_image,6-14-737_1_image,6-14-737_0_image",True,down
70,5,20-27,5,500,240,20-27-397_0_image,[-0.43125     0.00347222],308.97776650008745,2.375123200006783,"20-27-397_0_image,20-27-897_0_image,20-27-897_1_image",True,down
71,5,4-7,5,180,240,4-7-72_0_image,[ 0.42777778 -0.09375   ],315.8818389000371,5.793122899951413,"4-7-72_1_image,4-7-252_0_image,4-7-72_0_image",False,up
72,6,6-14,6,401,240,6-14-474_0_image,[ 0.47569444 -0.07152778],318.73004609998316,1.7191109999548644,"6-14-875_1_image,6-14-875_0_image,6-14-474_0_image",True,down
73,6,19-20,6,961,320,19-20-19_0_image,[ 0.47569444 -0.07152778],322.24995510000736,2.418410300044343,"19-20-980_0_image,19-20-980_1_image,19-20-19_0_image",True,up
74,6,5-30,6,401,240,5-30-479_0_image,[ 0.16527778 -0.05277778],325.3299189999234,1.9805033998563886,"5-30-880_1_image,5-30-479_0_image,5-30-880_0_image",True,down
75,6,20-27,6,500,240,20-27-774_0_image,[ 0.10347222 -0.04930556],328.81789540010504,2.3826653000433,"20-27-274_1_image,20-27-774_0_image,20-27-274_0_image",True,down
76,6,11-22,6,500,240,11-22-385_0_image,[ 0.08611111 -0.04930556],331.64181010005996,1.720502199837938,"11-22-885_0_image,11-22-385_0_image,11-22-885_1_image",True,down
77,6,4-7,6,380,200,4-7-430_0_image,[ 0.41527778 -0.07013889],335.2738040999975,2.5503000000026077,"4-7-50_1_image,4-7-50_0_image,4-7-430_0_image",True,up
78,6,3-13,6,380,200,3-13-814_0_image,[ 0.09444444 -0.06111111],340.1938016999047,3.8173936000093818,"3-13-814_1_image,3-13-814_0_image,3-13-434_0_image",False,up
79,6,14-30,6,500,240,14-30-382_0_image,[ 0.39236111 -0.07083333],343.2096973999869,1.911243800073862,"14-30-882_1_image,14-30-882_0_image,14-30-382_0_image",True,down
80,6,15-19,6,281,200,15-19-340_0_image,[ 0.05694444 -0.05416667],347.3457720000297,3.0295944998506457,"15-19-621_1_image,15-19-340_0_image,15-19-621_0_image",True,up
81,6,9-14,6,380,200,9-14-452_0_image,[ 0.05694444 -0.05416667],350.701789899962,2.2657657000236213,"9-14-832_1_image,9-14-452_0_image,9-14-832_0_image",True,down
82,6,3-4,6,380,200,3-4-522_0_image,[-0.42569444 -0.00486111],354.7137271000538,2.908275800058618,"3-4-522_0_image,3-4-902_1_image,3-4-902_0_image",True,up
83,6,7-28,6,81,240,7-28-863_0_image,[ 0.00763889 -0.04097222],360.0819284999743,4.273231300059706,"7-28-944_0_image,7-28-863_0_image,7-28-863_1_image",False,up
84,7,19-20,7,961,320,19-20-32_0_image,[ 0.29722222 -0.04791667],363.1058008999098,1.8928052000701427,"19-20-993_0_image,19-20-993_1_image,19-20-32_0_image",True,down
85,7,3-13,7,580,200,3-13-630_0_image,[ 0.39375    -0.06180556],366.1458380999975,1.9288478998932987,"3-13-50_0_image,3-13-50_1_image,3-13-630_0_image",True,up
86,7,7-28,7,281,200,7-28-282_0_image,[-0.01736111 -0.05625   ],370.92183710006066,3.6707555998582393,"7-28-563_0_image,7-28-282_0_image,7-28-282_1_image",False,up
87,7,11-22,7,500,240,11-22-999_0_image,[ 0.33819444 -0.08263889],375.1937289000489,3.1721572000533342,"11-22-499_0_image,11-22-499_1_image,11-22-999_0_image",True,down
88,7,6-14,7,401,240,6-14-439_0_image,[-0.39444444 -0.05138889],378.01796450000256,1.7263430999591947,"6-14-439_0_image,6-14-840_0_image,6-14-840_1_image",True,down
89,7,15-19,7,281,200,15-19-617_0_image,[-0.02013889 -0.08263889],383.56974270008504,4.44252230017446,"15-19-336_0_image,15-19-617_0_image,15-19-617_1_image",False,up
90,7,5-30,7,401,240,5-30-958_0_image,[-0.02777778 -0.08402778],388.1778830999974,3.5128397999797016,"5-30-557_1_image,5-30-958_0_image,5-30-557_0_image",True,down
91,7,14-30,7,300,200,14-30-333_0_image,[-0.31527778 -0.05347222],392.47378140012734,3.1869008999783546,"14-30-333_0_image,14-30-633_0_image,14-30-633_1_image",True,down
92,7,3-4,7,380,200,3-4-933_1_image,[-0.07916667 -0.07708333],397.969768299954,4.397672799881548,"3-4-933_0_image,3-4-933_1_image,3-4-553_0_image",False,up
93,7,4-7,7,380,200,4-7-899_0_image,[ 0.42361111 -0.10763889],400.59379850002006,1.517243100097403,"4-7-519_0_image,4-7-519_1_image,4-7-899_0_image",True,down
94,7,9-14,7,220,160,9-14-518_0_image,[-0.36527778 -0.0375    ],406.59380079992115,4.915266500087455,"9-14-518_0_image,9-14-518_1_image,9-14-298_0_image",False,up
95,7,20-27,7,260,240,20-27-449_1_image,[-0.02986111 -0.06041667],411.865804299945,4.165759699884802,"20-27-189_0_image,20-27-449_1_image,20-27-449_0_image",False,up
96,8,14-30,8,300,200,14-30-514_0_image,[ 0.44861111 -0.11666667],417.2257952000946,4.221542000072077,"14-30-814_1_image,14-30-814_0_image,14-30-514_0_image",True,down
97,8,3-13,8,580,200,3-13-348_0_image,[ 0.43958333 -0.11666667],419.91389419999905,1.5874399000313133,"3-13-928_1_image,3-13-928_0_image,3-13-348_0_image",True,down
98,8,15-19,8,481,200,15-19-529_0_image,[-0.34930556 -0.05694444],423.5297207001131,2.5189835999626666,"15-19-529_0_image,15-19-48_1_image,15-19-48_0_image",True,up
99,8,11-22,8,260,240,11-22-242_0_image,[ 0.04583333 -0.07916667],429.633775500115,5.003472400130704,"11-22-502_0_image,11-22-242_0_image,11-22-502_1_image",True,down
100,8,5-30,8,161,240,5-30-374_0_image,[-0.39861111 -0.03611111],433.9377675000578,3.2026651001069695,"5-30-374_0_image,5-30-213_0_image,5-30-374_1_image",False,up
101,8,4-7,8,220,160,4-7-604_0_image,[ 0.41736111 -0.08819444],441.66564269992523,6.62707810010761,"4-7-384_1_image,4-7-384_0_image,4-7-604_0_image",True,down
102,8,6-14,8,161,240,6-14-830_1_image,[ 0.43888889 -0.05833333],444.9301096999552,2.1686398000456393,"6-14-830_0_image,6-14-991_0_image,6-14-830_1_image",False,up
103,8,3-4,8,580,200,3-4-700_0_image,[ 0.02847222 -0.04305556],448.4018778000027,2.369633700000122,"3-4-120_0_image,3-4-700_0_image,3-4-120_1_image",True,up
104,8,19-20,8,721,240,19-20-61_0_image,[-0.41875    -0.01041667],452.58577360003255,3.1023586001247168,"19-20-61_0_image,19-20-782_1_image,19-20-782_0_image",True,down
105,8,20-27,8,460,200,20-27-348_0_image,[ 0.44027778 -0.0625    ],456.50584160001017,2.8189799999818206,"20-27-808_0_image,20-27-808_1_image,20-27-348_0_image",True,up
106,8,9-14,8,340,120,9-14-567_0_image,[-0.40833333 -0.01597222],460.73777660005726,3.131216600071639,"9-14-567_0_image,9-14-907_0_image,9-14-907_1_image",True,up
107,8,7-28,8,481,200,7-28-36_1_image,[-0.00416667 -0.025     ],465.3137695000041,3.4871114999987185,"7-28-517_0_image,7-28-36_1_image,7-28-36_0_image",False,up
108,9,3-4,9,580,200,3-4-215_0_image,[ 0.43888889 -0.07083333],468.50589959998615,2.0589165000710636,"3-4-795_0_image,3-4-795_1_image,3-4-215_0_image",True,down
109,9,20-27,9,460,200,20-27-610_0_image,[ 0.43888889 -0.07083333],472.5491124999244,2.931346599943936,"20-27-150_0_image,20-27-150_1_image,20-27-610_0_image",True,down
110,9,14-30,9,100,200,14-30-418_0_image,[ 0.05208333 -0.0625    ],478.9376741000451,5.284968400141224,"14-30-318_1_image,14-30-418_0_image,14-30-318_0_image",True,down
111,9,6-14,9,361,200,6-14-484_0_image,[ 0.05486111 -0.06041667],481.8817825000733,1.8405895000323653,"6-14-123_1_image,6-14-484_0_image,6-14-123_0_image",True,up
112,9,3-13,9,420,160,3-13-341_0_image,[ 0.05486111 -0.06041667],484.75886719999835,1.782027600100264,"3-13-761_1_image,3-13-341_0_image,3-13-761_0_image",True,down
113,9,11-22,9,260,240,11-22-152_1_image,[ 0.41805556 -0.07222222],488.2657902999781,2.4033117999788374,"11-22-412_0_image,11-22-152_0_image,11-22-152_1_image",False,up
114,9,4-7,9,220,160,4-7-527_0_image,[ 0.10902778 -0.05972222],492.6338154000696,3.2685244001913816,"4-7-747_0_image,4-7-527_0_image,4-7-527_1_image",False,up
115,9,19-20,9,721,240,19-20-976_0_image,[ 0.10972222 -0.06180556],497.10581510001794,3.3679626998491585,"19-20-255_1_image,19-20-976_0_image,19-20-255_0_image",True,down
116,9,15-19,9,481,200,15-19-703_0_image,[-0.37638889 -0.04444444],501.0017035000492,2.795989800011739,"15-19-703_0_image,15-19-222_0_image,15-19-222_1_image",True,down
117,9,5-30,9,361,200,5-30-844_0_image,[-0.075      -0.05486111],504.63382419990376,2.525059200124815,"5-30-483_1_image,5-30-844_0_image,5-30-483_0_image",True,up
118,9,7-28,9,681,200,7-28-742_0_image,[-0.4875     -0.03402778],507.8817773000337,2.136770199984312,"7-28-742_0_image,7-28-61_1_image,7-28-61_0_image",True,up
119,9,9-14,9,340,120,9-14-511_1_image,[-0.03333333 -0.04791667],510.9138239999302,1.9495757999829948,"9-14-171_0_image,9-14-511_1_image,9-14-511_0_image",False,up
120,10,11-22,10,460,200,11-22-435_1_image,[-0.03333333 -0.04791667],513.8990581999533,1.8489975000265986,"11-22-895_0_image,11-22-435_1_image,11-22-435_0_image",False,up
121,10,5-30,10,361,200,5-30-491_0_image,[-0.40902778 -0.01111111],519.8897091001272,4.885444500017911,"5-30-491_0_image,5-30-130_1_image,5-30-130_0_image",True,down
122,10,7-28,10,681,200,7-28-157_0_image,[-0.43958333 -0.01111111],523.4738469999284,2.4832693999633193,"7-28-157_0_image,7-28-838_0_image,7-28-838_1_image",True,down
123,10,9-14,10,460,120,9-14-879_0_image,[ 0.47013889 -0.03680556],529.1617777000647,4.584951000055298,"9-14-419_1_image,9-14-419_0_image,9-14-879_0_image",True,up
124,10,15-19,10,321,160,15-19-911_0_image,[ 0.04722222 -0.02638889],533.6017847000621,3.3370818998664618,"15-19-590_1_image,15-19-911_0_image,15-19-590_0_image",True,down
125,10,3-4,10,420,160,3-4-303_1_image,[ 0.04791667 -0.025     ],540.036480900133,5.335005100117996,"3-4-723_0_image,3-4-303_1_image,3-4-303_0_image",False,up
126,10,20-27,10,300,160,20-27-116_0_image,[ 0.05       -0.02638889],545.5538528999314,4.413926400011405,"20-27-416_0_image,20-27-116_0_image,20-27-416_1_image",True,down
127,10,6-14,10,361,200,6-14-224_0_image,[-0.46875    -0.02847222],548.6257082000375,1.9635169999673963,"6-14-224_0_image,6-14-585_0_image,6-14-585_1_image",True,down
128,10,14-30,10,100,200,14-30-840_0_image,[-0.00763889 -0.00555556],557.0097942999564,7.279636799823493,"14-30-840_1_image,14-30-840_0_image,14-30-940_0_image",False,up
129,10,3-13,10,420,160,3-13-591_0_image,[-0.45625     0.02777778],560.2978125000373,2.177620999980718,"3-13-591_0_image,3-13-171_0_image,3-13-171_1_image",True,down
130,10,19-20,10,481,240,19-20-403_0_image,[-0.03541667 -0.02361111],565.9057984000538,4.499673099955544,"19-20-884_0_image,19-20-403_0_image,19-20-403_1_image",False,up
131,10,4-7,10,340,120,4-7-621_0_image,[-0.43888889 -0.00277778],568.8899113999214,1.8793166000396013,"4-7-621_0_image,4-7-281_1_image,4-7-281_0_image",True,up
132,11,9-14,11,460,120,9-14-681_0_image,[-0.18680556 -0.02777778],571.8017846001312,1.7720709000714123,"9-14-221_0_image,9-14-681_0_image,9-14-221_1_image",True,down
133,11,19-20,11,681,200,19-20-782_0_image,[-0.32986111 -0.00694444],578.4497521000449,5.565964999841526,"19-20-782_0_image,19-20-101_0_image,19-20-101_1_image",True,up
134,11,5-30,11,201,160,5-30-593_0_image,[-0.06180556 -0.03333333],582.4418810999487,2.887888199882582,"5-30-794_0_image,5-30-593_0_image,5-30-593_1_image",False,up
135,11,11-22,11,660,200,11-22-1000_0_image,[-0.40833333 -0.01597222],588.0417412999086,4.501257800031453,"11-22-1000_0_image,11-22-340_1_image,11-22-340_0_image",True,up
136,11,7-28,11,521,160,7-28-794_0_image,[-0.01527778 -0.025     ],591.9778108000755,2.832872600061819,"7-28-273_0_image,7-28-794_0_image,7-28-794_1_image",False,up
137,11,20-27,11,300,160,20-27-379_0_image,[-0.01527778 -0.025     ],597.0486737000756,3.9672234999015927,"20-27-679_0_image,20-27-379_0_image,20-27-679_1_image",True,down
138,11,15-19,11,321,160,15-19-496_0_image,[-0.41388889 -0.01319444],600.5857824999839,2.4335898999124765,"15-19-496_0_image,15-19-817_1_image,15-19-817_0_image",True,down
139,11,3-4,11,540,120,3-4-857_0_image,[-0.11319444 -0.025     ],603.4897726001218,1.799777700100094,"3-4-317_0_image,3-4-857_0_image,3-4-317_1_image",True,up
140,11,14-30,11,260,160,14-30-707_0_image,[-0.01388889 -0.03402778],609.2577758000698,4.667082000058144,"14-30-447_1_image,14-30-707_0_image,14-30-447_0_image",True,up
141,11,6-14,11,201,160,6-14-634_0_image,[ 0.37013889 -0.05972222],613.7057074001059,3.3438097001053393,"6-14-433_1_image,6-14-433_0_image,6-14-634_0_image",True,down
142,11,3-13,11,260,160,3-13-395_1_image,[ 0.07430556 -0.03333333],617.0657879000064,2.2503285999409854,"3-13-135_0_image,3-13-395_1_image,3-13-395_0_image",False,up
143,11,4-7,11,340,120,4-7-561_1_image,[-0.43611111  0.00486111],621.393696000101,3.225548400077969,"4-7-561_1_image,4-7-561_0_image,4-7-221_0_image",False,up
144,12,19-20,12,681,200,19-20-71_0_image,[ 0.51111111 -0.06111111],625.6736954001244,3.118713299976662,"19-20-752_1_image,19-20-752_0_image,19-20-71_0_image",True,down
145,12,4-7,12,460,120,4-7-867_0_image,[-0.02222222 -0.02777778],630.6577447000891,3.8812173001933843,"4-7-407_1_image,4-7-867_0_image,4-7-407_0_image",True,up
146,12,20-27,12,140,160,,,,,"20-27-114_0_image,20-27-254_0_image,20-27-254_1_image",timeout,timeout
147,12,9-14,12,380,80,9-14-343_0_image,[ 0.43541667 -0.06319444],642.2017798000015,1.9993660000618547,"9-14-723_1_image,9-14-723_0_image,9-14-343_0_image",True,down
148,12,6-14,12,201,160,6-14-419_0_image,[-0.51805556 -0.01041667],647.6578156000469,4.352954300120473,"6-14-419_0_image,6-14-620_0_image,6-14-620_1_image",True,down
149,12,11-22,12,660,200,11-22-327_0_image,[ 0.06388889 -0.02638889],650.5297844000161,1.7705368001479656,"11-22-987_1_image,11-22-327_0_image,11-22-987_0_image",True,down
150,12,3-4,12,540,120,3-4-551_0_image,[ 0.34305556 -0.04861111],654.9778309999965,3.3495413998607546,"3-4-11_1_image,3-4-11_0_image,3-4-551_0_image",True,down
151,12,15-19,12,161,160,15-19-709_0_image,[ 0.38194444 -0.05069444],660.7937702001072,4.712014100048691,"15-19-870_1_image,15-19-870_0_image,15-19-709_0_image",True,down
152,12,14-30,12,260,160,14-30-404_0_image,[ 0.03402778 -0.04375   ],666.7858112999238,4.880986799951643,"14-30-664_0_image,14-30-404_0_image,14-30-404_1_image",False,up
153,12,5-30,12,321,120,5-30-443_0_image,[ 0.10138889 -0.04097222],672.6258710999973,4.734691899968311,"5-30-443_1_image,5-30-443_0_image,5-30-122_0_image",False,up
154,12,3-13,12,380,120,3-13-616_0_image,[ 0.05347222 -0.03819444],676.057783999946,2.328453900059685,"3-13-996_1_image,3-13-616_0_image,3-13-996_0_image",True,up
155,12,7-28,12,641,120,7-28-816_0_image,[ 0.06111111 -0.03958333],679.209861600073,2.0616156000178307,"7-28-175_0_image,7-28-816_0_image,7-28-175_1_image",True,up
156,12,20-27,12,140,160,20-27-669_0_image,[ 0.41527778 -0.06041667],685.9698737999424,5.652041000081226,"20-27-809_0_image,20-27-809_1_image,20-27-669_0_image",True,down
157,13,3-13,13,380,120,3-13-534_0_image,[ 0.40486111 -0.05902778],688.7538532000035,1.647354300133884,"3-13-914_1_image,3-13-914_0_image,3-13-534_0_image",True,down
158,13,3-4,13,460,80,3-4-286_0_image,[ 0.40486111 -0.05902778],692.4246829000767,2.5640484001487494,"3-4-746_1_image,3-4-746_0_image,3-4-286_0_image",True,down
159,13,9-14,13,380,80,9-14-147_0_image,[ 0.07222222 -0.04097222],696.3058593000751,2.7775514000095427,"9-14-527_1_image,9-14-147_0_image,9-14-527_0_image",True,down
160,13,7-28,13,641,120,7-28-723_0_image,[ 0.29375    -0.04097222],700.1059083000291,2.6911631000693887,"7-28-82_0_image,7-28-82_1_image,7-28-723_0_image",True,down
161,13,19-20,13,521,160,19-20-852_0_image,[ 0.04861111 -0.0375    ],704.5457546000835,3.361326500074938,"19-20-852_1_image,19-20-852_0_image,19-20-331_0_image",False,up
162,13,14-30,13,420,160,14-30-942_0_image,[ 0.45902778 -0.06388889],708.4578005999792,2.819711600197479,"14-30-522_1_image,14-30-522_0_image,14-30-942_0_image",True,up
163,13,5-30,13,441,120,5-30-448_0_image,[ 0.44166667 -0.05347222],711.5217707999982,1.9640118000097573,"5-30-889_0_image,5-30-448_1_image,5-30-448_0_image",False,up
164,13,6-14,13,41,160,6-14-57_0_image,[ 0.01458333 -0.03541667],718.4418675999623,5.813394200056791,"6-14-57_1_image,6-14-57_0_image,6-14-16_0_image",False,up
165,13,11-22,13,500,160,11-22-436_0_image,[ 0.5125     -0.06805556],721.2176989000291,1.6686322998721153,"11-22-936_1_image,11-22-936_0_image,11-22-436_0_image",True,down
166,13,20-27,13,140,160,20-27-333_0_image,[ 0.12569444 -0.04097222],727.5937995000277,5.27583170006983,"20-27-333_1_image,20-27-333_0_image,20-27-473_0_image",False,up
167,13,15-19,13,161,160,15-19-688_0_image,[ 0.41527778 -0.04791667],733.8981312999967,5.225017399992794,"15-19-527_0_image,15-19-527_1_image,15-19-688_0_image",True,down
168,13,4-7,13,460,120,4-7-945_0_image,[-0.05138889 -0.02430556],738.9458644001279,3.9510586000978947,"4-7-485_0_image,4-7-945_0_image,4-7-945_1_image",False,up
169,14,15-19,14,1,160,15-19-999_1_image,[ 0.38611111 -0.04444444],745.2738465000875,5.191683700075373,"15-19-999_0_image,15-19-998_0_image,15-19-999_1_image",False,up
170,14,7-28,14,561,80,7-28-379_0_image,[ 0.37916667 -0.04583333],749.8019850000273,3.4289888001512736,"7-28-940_0_image,7-28-940_1_image,7-28-379_0_image",True,down
171,14,20-27,14,260,120,20-27-169_0_image,[ 0.41180556 -0.04930556],755.5937508000061,4.686285600066185,"20-27-429_1_image,20-27-429_0_image,20-27-169_0_image",True,up
172,14,19-20,14,641,120,19-20-167_0_image,[-0.41458333 -0.03194444],760.3617424999829,3.6829798999242485,"19-20-167_0_image,19-20-808_0_image,19-20-808_1_image",True,up
173,14,14-30,14,420,160,14-30-177_0_image,[ 0.49305556 -0.07361111],764.6657585999928,3.1998354999814183,"14-30-597_1_image,14-30-597_0_image,14-30-177_0_image",True,down
174,14,11-22,14,500,160,11-22-480_0_image,[ 0.49166667 -0.07222222],768.0658875000663,2.2965023000724614,"11-22-980_0_image,11-22-980_1_image,11-22-480_0_image",True,down
175,14,5-30,14,561,120,5-30-325_0_image,[ 0.49166667 -0.07222222],772.188371000113,3.0162527000065893,"5-30-886_1_image,5-30-886_0_image,5-30-325_0_image",True,up
176,14,9-14,14,300,80,9-14-406_1_image,[ 0.07291667 -0.04305556],775.6098134999629,2.332945799920708,"9-14-406_0_image,9-14-406_1_image,9-14-706_0_image",False,up
177,14,3-4,14,460,80,3-4-101_0_image,[ 0.48055556 -0.05208333],780.2897924000863,3.5783654002007097,"3-4-561_0_image,3-4-561_1_image,3-4-101_0_image",True,down
178,14,6-14,14,161,120,6-14-901_0_image,[ 0.04166667 -0.02361111],788.5458331000991,7.14730600011535,"6-14-740_1_image,6-14-901_0_image,6-14-740_0_image",True,up
179,14,3-13,14,300,80,3-13-686_0_image,[-0.46319444  0.02777778],792.88989030011,3.2348326998762786,"3-13-686_0_image,3-13-986_1_image,3-13-986_0_image",True,down
180,14,4-7,14,580,120,4-7-145_0_image,[ 0.03541667 -0.03125   ],795.9778440000955,1.985938800033182,"4-7-725_1_image,4-7-145_0_image,4-7-725_0_image",True,up
181,15,3-4,15,380,80,3-4-175_0_image,[ 0.45763889 -0.07430556],825.2979536000639,3.032094500027597,"3-4-555_0_image,3-4-555_1_image,3-4-175_0_image",True,down
182,15,9-14,15,380,80,9-14-387_0_image,[-0.50138889 -0.0125    ],831.625776299974,5.224622200010344,"9-14-387_0_image,9-14-767_1_image,9-14-767_0_image",True,up
183,15,3-13,15,300,80,3-13-428_0_image,[ 0.45625    -0.10277778],834.8098387999926,2.086955799954012,"3-13-728_1_image,3-13-728_0_image,3-13-428_0_image",True,down
184,15,7-28,15,561,80,7-28-909_0_image,[ 0.43888889 -0.07916667],838.7418104999233,2.83315149997361,"7-28-348_0_image,7-28-348_1_image,7-28-909_0_image",True,down
185,15,4-7,15,580,120,4-7-744_0_image,[ 0.05972222 -0.07152778],842.0577330000233,2.2125829998403788,"4-7-164_0_image,4-7-744_0_image,4-7-164_1_image",True,down
186,15,11-22,15,340,160,11-22-301_0_image,[ 0.42638889 -0.08055556],847.6737520999741,4.509217499988154,"11-22-641_1_image,11-22-641_0_image,11-22-301_0_image",True,down
187,15,14-30,15,300,120,14-30-759_0_image,[ 0.03680556 -0.0375    ],853.9138291999698,5.126708700088784,"14-30-459_0_image,14-30-759_0_image,14-30-459_1_image",True,down
188,15,5-30,15,561,120,5-30-862_0_image,[ 0.41388889 -0.04444444],859.8898173000198,4.865803399821743,"5-30-301_1_image,5-30-301_0_image,5-30-862_0_image",True,down
189,15,6-14,15,161,120,6-14-456_0_image,[ 0.09652778 -0.0375    ],864.6177844000049,3.6224332998972386,"6-14-617_1_image,6-14-456_0_image,6-14-617_0_image",True,down
190,15,20-27,15,260,120,20-27-57_0_image,[ 0.05694444 -0.04305556],872.801838299958,7.085927200037986,"20-27-57_1_image,20-27-57_0_image,20-27-317_0_image",False,up
191,15,19-20,15,641,120,19-20-155_0_image,[ 0.05694444 -0.04236111],876.0212552000303,2.1322639000136405,"19-20-796_1_image,19-20-155_0_image,19-20-796_0_image",True,down
192,15,15-19,15,121,120,15-19-901_0_image,[ 0.50763889 -0.05555556],884.2098300999496,7.084878999972716,"15-19-901_1_image,15-19-780_0_image,15-19-901_0_image",False,up
193,16,20-27,16,380,120,20-27-220_0_image,[-0.01666667 -0.03888889],887.5296986000612,2.178949899971485,"20-27-600_0_image,20-27-220_0_image,20-27-600_1_image",True,up
194,16,7-28,16,481,80,7-28-948_0_image,[-0.44097222 -0.00486111],891.1217414001003,2.487598800100386,"7-28-948_0_image,7-28-467_0_image,7-28-467_1_image",True,down
195,16,15-19,16,241,120,15-19-375_0_image,[ 0.40416667 -0.0625    ],898.2737710000947,6.0700852000154555,"15-19-134_1_image,15-19-134_0_image,15-19-375_0_image",True,up
196,16,19-20,16,561,80,19-20-832_0_image,[ 0.40347222 -0.0625    ],902.0658295999747,2.6898018999490887,"19-20-271_0_image,19-20-271_1_image,19-20-832_0_image",True,down
197,16,11-22,16,340,160,11-22-531_0_image,[ 0.40347222 -0.0625    ],905.67829670012,2.5158287999220192,"11-22-871_0_image,11-22-871_1_image,11-22-531_0_image",True,down
198,16,14-30,16,300,120,14-30-588_0_image,[ 0.40416667 -0.06180556],910.1487118001096,3.3667829998303205,"14-30-288_0_image,14-30-288_1_image,14-30-588_0_image",True,down
199,16,3-13,16,220,80,3-13-82_0_image,[ 0.42708333 -0.07986111],918.6499425000511,7.396277399966493,"3-13-302_0_image,3-13-82_1_image,3-13-82_0_image",False,up
200,16,9-14,16,380,80,9-14-410_0_image,[-0.38958333 -0.05416667],923.1057796000969,3.3634926001541317,"9-14-410_0_image,9-14-30_0_image,9-14-30_1_image",True,down
201,16,5-30,16,481,80,5-30-620_0_image,[-0.1375     -0.07152778],927.1457797999028,2.933239899808541,"5-30-139_1_image,5-30-620_0_image,5-30-139_0_image",True,down
202,16,4-7,16,500,80,4-7-422_0_image,[-0.3875     -0.05763889],931.7057656000834,3.456685199867934,"4-7-422_0_image,4-7-922_0_image,4-7-922_1_image",True,down
203,16,6-14,16,81,80,6-14-603_1_image,[-0.08333333 -0.08541667],937.8578735999763,5.055152700049803,"6-14-603_0_image,6-14-603_1_image,6-14-684_0_image",False,up
204,16,3-4,16,380,80,3-4-333_0_image,[ 0.02569444 -0.08819444],941.4177560999524,2.4600500999949872,"3-4-713_0_image,3-4-333_0_image,3-4-713_1_image",True,down
205,17,5-30,17,481,80,5-30-191_0_image,[ 0.42777778 -0.09027778],948.5377539999317,5.959231100045145,"5-30-672_1_image,5-30-672_0_image,5-30-191_0_image",True,down
206,17,11-22,17,180,160,11-22-550_0_image,[ 0.09583333 -0.06875   ],953.0577996000648,3.4249361001420766,"11-22-370_1_image,11-22-550_0_image,11-22-370_0_image",True,down
207,17,7-28,17,481,80,7-28-712_0_image,[ 0.41180556 -0.08819444],956.9297903000843,2.776698299916461,"7-28-231_1_image,7-28-231_0_image,7-28-712_0_image",True,down
208,17,3-4,17,300,80,3-4-567_0_image,[ 0.04652778 -0.06111111],962.1138569000177,4.0743197000119835,"3-4-867_0_image,3-4-567_0_image,3-4-867_1_image",True,down
209,17,14-30,17,180,120,14-30-94_0_image,[ 0.04097222 -0.05972222],966.3697697001044,3.159446399891749,"14-30-274_0_image,14-30-94_0_image,14-30-274_1_image",True,down
210,17,4-7,17,500,80,4-7-340_0_image,[ 0.04097222 -0.05972222],969.6258157000411,2.1454320999328047,"4-7-840_0_image,4-7-340_0_image,4-7-840_1_image",True,down
211,17,20-27,17,380,120,20-27-571_0_image,[ 0.04097222 -0.05972222],972.6817977000028,1.9471545999404043,"20-27-951_0_image,20-27-571_0_image,20-27-951_1_image",True,down
212,17,6-14,17,161,80,6-14-857_1_image,[ 0.04305556 -0.05972222],978.0361411001068,4.175903300056234,"6-14-696_0_image,6-14-857_1_image,6-14-857_0_image",False,up
213,17,15-19,17,241,120,15-19-838_1_image,[ 0.04305556 -0.05972222],982.1894417000003,3.0497170998714864,"15-19-597_0_image,15-19-838_1_image,15-19-838_0_image",False,up
214,17,9-14,17,340,40,9-14-374_0_image,[ 0.04305556 -0.05972222],984.7250300999731,1.4486916000023484,"9-14-34_0_image,9-14-374_0_image,9-14-34_1_image",True,down
215,17,19-20,17,561,80,19-20-184_0_image,[ 0.46180556 -0.12083333],987.9698636000976,2.1414803001098335,"19-20-745_0_image,19-20-745_1_image,19-20-184_0_image",True,down
216,17,3-13,17,300,80,3-13-108_1_image,[ 0.07708333 -0.07430556],996.1463896001223,7.064674899913371,"3-13-408_0_image,3-13-108_1_image,3-13-108_0_image",False,up
217,18,3-13,18,380,80,3-13-420_0_image,[ 0.41666667 -0.08958333],1000.8738182000816,3.5863083000294864,"3-13-40_0_image,3-13-40_1_image,3-13-420_0_image",True,up
218,18,3-4,18,300,80,3-4-319_0_image,[-0.35347222 -0.03611111],1005.8737224000506,3.899070000043139,"3-4-319_0_image,3-4-19_1_image,3-4-19_0_image",True,down
219,18,19-20,18,481,80,19-20-129_0_image,[-0.06666667 -0.04375   ],1009.1378492000513,2.1592629000078887,"19-20-610_1_image,19-20-129_0_image,19-20-610_0_image",True,down
220,18,4-7,18,420,80,4-7-134_0_image,[-0.06666667 -0.04375   ],1011.8465615999885,1.5986229998525232,"4-7-554_1_image,4-7-134_0_image,4-7-554_0_image",True,down
221,18,7-28,18,401,80,7-28-504_0_image,[-0.06666667 -0.04375   ],1015.4826798001304,2.5493244999088347,"7-28-905_1_image,7-28-504_0_image,7-28-905_0_image",True,down
222,18,9-14,18,340,40,9-14-521_0_image,[-0.06666667 -0.04375   ],1018.8186043000314,2.2474356999155134,"9-14-181_0_image,9-14-521_0_image,9-14-181_1_image",True,down
223,18,20-27,18,300,80,20-27-500_0_image,[-0.11458333 -0.03611111],1025.1938313001301,5.288226299919188,"20-27-200_0_image,20-27-500_0_image,20-27-500_1_image",False,up
224,18,15-19,18,361,120,15-19-458_0_image,[ 0.37013889 -0.09652778],1029.7858859000262,3.4918392000254244,"15-19-819_1_image,15-19-819_0_image,15-19-458_0_image",True,up
225,18,6-14,18,241,80,6-14-426_0_image,[ 0.01666667 -0.07083333],1034.2339637000114,3.336245800135657,"6-14-667_1_image,6-14-426_0_image,6-14-667_0_image",True,up
226,18,14-30,18,180,120,14-30-415_0_image,[ 0.02083333 -0.06597222],1038.1340642999858,2.8161514000967145,"14-30-415_1_image,14-30-415_0_image,14-30-595_0_image",False,up
227,18,5-30,18,401,80,5-30-33_0_image,[ 0.34236111 -0.08888889],1042.7618756000884,3.52397059998475,"5-30-434_1_image,5-30-434_0_image,5-30-33_0_image",True,down
228,18,11-22,18,180,160,11-22-111_0_image,[-0.38680556 -0.02361111],1047.7698403999675,3.910102399997413,"11-22-111_0_image,11-22-291_0_image,11-22-291_1_image",True,down
229,19,9-14,19,300,40,9-14-724_0_image,[-0.13680556 -0.03888889],1051.3221184001304,2.4100246001034975,"9-14-424_0_image,9-14-724_0_image,9-14-424_1_image",True,down
230,19,5-30,19,401,80,5-30-922_0_image,[-0.39305556 -0.03611111],1055.9297810001299,3.4981623999774456,"5-30-922_0_image,5-30-521_1_image,5-30-521_0_image",True,down
231,19,3-4,19,220,80,,,,,"3-4-166_1_image,3-4-166_0_image,3-4-386_0_image",timeout,timeout
232,19,15-19,19,361,120,15-19-561_0_image,[-0.40486111 -0.03541667],1067.2578144001309,1.7825007000938058,"15-19-561_0_image,15-19-922_0_image,15-19-922_1_image",True,down
233,19,4-7,19,420,80,4-7-127_0_image,[-0.39583333 -0.02916667],1072.4114049999043,4.050435000099242,"4-7-127_0_image,4-7-547_1_image,4-7-547_0_image",True,down
234,19,20-27,19,380,80,20-27-372_0_image,[-0.04097222 -0.06944444],1076.5060415999033,3.0059668000321835,"20-27-752_1_image,20-27-372_0_image,20-27-752_0_image",True,up
235,19,7-28,19,401,80,7-28-482_0_image,[-0.04097222 -0.06944444],1078.9502221001312,1.3485034999903291,"7-28-81_0_image,7-28-482_0_image,7-28-81_1_image",True,down
236,19,14-30,19,260,80,14-30-423_1_image,[ 0.13819444 -0.07569444],1084.2977692000568,4.244100499898195,"14-30-423_0_image,14-30-423_1_image,14-30-163_0_image",False,up
237,19,6-14,19,241,80,6-14-483_0_image,[ 0.05902778 -0.06527778],1087.6898278999142,2.281936400104314,"6-14-724_1_image,6-14-483_0_image,6-14-724_0_image",True,down
238,19,3-13,19,380,80,3-13-545_0_image,[ 0.05902778 -0.06527778],1091.5266502001323,2.732722300104797,"3-13-925_0_image,3-13-545_0_image,3-13-925_1_image",True,down
239,19,19-20,19,481,80,19-20-447_0_image,[ 0.05902778 -0.06527778],1095.3464385000989,2.716141000157222,"19-20-928_0_image,19-20-447_0_image,19-20-928_1_image",True,down
240,19,11-22,19,20,160,11-22-292_1_image,[ 0.05902778 -0.06458333],1101.5680720000528,5.115925000049174,"11-22-292_0_image,11-22-292_1_image,11-22-272_0_image",False,up
241,19,3-4,19,220,80,3-4-249_0_image,[ 0.05902778 -0.06458333],1107.0390922001097,4.367411199957132,"3-4-249_1_image,3-4-249_0_image,3-4-469_0_image",False,up
242,20,15-19,20,281,80,15-19-840_0_image,[-0.41875    -0.05069444],1110.9537271999288,2.777589400066063,"15-19-840_0_image,15-19-559_1_image,15-19-559_0_image",True,down
243,20,14-30,20,340,80,14-30-761_0_image,[-0.00416667 -0.07083333],1117.089643199928,5.027116700075567,"14-30-421_0_image,14-30-761_0_image,14-30-421_1_image",True,up
244,20,3-4,20,300,80,3-4-590_0_image,[-0.3625     -0.04236111],1121.113749800017,2.9129895998630673,"3-4-590_0_image,3-4-890_1_image,3-4-890_0_image",True,up
245,20,7-28,20,321,80,7-28-77_0_image,[-0.42916667 -0.03402778],1126.5697210000362,4.349026200128719,"7-28-77_0_image,7-28-398_1_image,7-28-398_0_image",True,down
246,20,6-14,20,201,40,6-14-904_0_image,[ 0.44722222 -0.08472222],1134.1778202001005,6.50138089992106,"6-14-703_0_image,6-14-904_1_image,6-14-904_0_image",False,up
247,20,19-20,20,401,80,19-20-705_1_image,[-0.32152778 -0.03958333],1140.5057699999306,5.224701799917966,"19-20-705_1_image,19-20-705_0_image,19-20-304_0_image",False,up
248,20,20-27,20,380,80,20-27-388_0_image,[-0.40902778 -0.02986111],1146.6258859999944,5.0230550998821855,"20-27-388_0_image,20-27-8_0_image,20-27-388_1_image",False,up
249,20,11-22,20,140,120,11-22-165_0_image,[-0.38055556 -0.03263889],1152.6738577000797,4.949494100175798,"11-22-165_0_image,11-22-165_1_image,11-22-25_0_image",False,up
250,20,5-30,20,321,80,5-30-54_0_image,[-0.03819444 -0.07361111],1156.2418106999248,2.462650999892503,"5-30-375_0_image,5-30-54_0_image,5-30-375_1_image",True,down
251,20,4-7,20,340,80,4-7-826_0_image,[-0.00555556 -0.07222222],1159.705810900079,2.35709200007841,"4-7-486_0_image,4-7-826_0_image,4-7-486_1_image",True,down
252,20,3-13,20,340,40,3-13-943_0_image,[ 0.42986111 -0.09583333],1163.2658883000258,2.4631224998738617,"3-13-603_1_image,3-13-603_0_image,3-13-943_0_image",True,down
253,20,9-14,20,300,40,9-14-470_0_image,[-0.35347222 -0.06736111],1168.2497739000246,3.8955147000961006,"9-14-470_0_image,9-14-170_0_image,9-14-170_1_image",True,down
254,21,5-30,21,321,80,5-30-528_0_image,[-0.08125    -0.07986111],1172.8418360999785,3.450225800042972,"5-30-849_1_image,5-30-528_0_image,5-30-849_0_image",True,down
255,21,4-7,21,340,80,4-7-548_0_image,[ 0.55277778 -0.12916667],1178.7619757000357,4.8334210000466555,"4-7-208_0_image,4-7-208_1_image,4-7-548_0_image",True,down
256,21,15-19,21,281,80,15-19-248_1_image,[ 0.49097222 -0.12222222],1183.7458136999048,3.8791373998392373,"15-19-248_0_image,15-19-529_0_image,15-19-248_1_image",False,up
257,21,19-20,21,481,80,19-20-77_0_image,[-0.32152778 -0.06041667],1189.2737773999106,4.4364787000231445,"19-20-77_0_image,19-20-558_0_image,19-20-558_1_image",True,up
258,21,6-14,21,241,40,6-14-727_0_image,[ 0.03611111 -0.08333333],1194.6578265000135,4.281502799829468,"6-14-727_1_image,6-14-727_0_image,6-14-486_0_image",False,up
259,21,3-4,21,300,80,3-4-467_0_image,[ 0.03611111 -0.08333333],1201.7982962999959,6.035549399908632,"3-4-767_1_image,3-4-467_0_image,3-4-767_0_image",True,down
260,21,3-13,21,340,40,3-13-569_0_image,[ 0.50833333 -0.11597222],1205.6818810999393,2.7801727999467403,"3-13-229_0_image,3-13-229_1_image,3-13-569_0_image",True,down
261,21,11-22,21,260,120,11-22-352_0_image,[ 0.06944444 -0.0375    ],1212.5698136000428,5.781601700000465,"11-22-92_0_image,11-22-352_0_image,11-22-92_1_image",True,up
262,21,14-30,21,340,80,14-30-90_0_image,[ 0.09097222 -0.04027778],1216.9698596999515,3.309520300012082,"14-30-430_1_image,14-30-90_0_image,14-30-430_0_image",True,down
263,21,20-27,21,460,80,20-27-983_0_image,[-0.36666667 -0.025     ],1221.025870700134,2.962050799978897,"20-27-983_0_image,20-27-523_0_image,20-27-523_1_image",True,up
264,21,9-14,21,260,40,9-14-153_0_image,[-0.02569444 -0.04583333],1226.321782400133,4.202937399968505,"9-14-413_1_image,9-14-153_0_image,9-14-413_0_image",True,down
265,21,7-28,21,321,80,7-28-865_0_image,[ 0.58819444 -0.05555556],1232.0338192000054,4.6292035998776555,"7-28-544_1_image,7-28-544_0_image,7-28-865_0_image",True,down
266,22,11-22,22,260,120,11-22-526_0_image,[-0.46527778 -0.02847222],1238.505725899944,5.3298510001040995,"11-22-526_0_image,11-22-786_0_image,11-22-786_1_image",True,down
267,22,5-30,22,241,80,5-30-620_0_image,[-0.09513889 -0.03333333],1242.377906500129,2.7635653999168426,"5-30-379_1_image,5-30-620_0_image,5-30-379_0_image",True,down
268,22,9-14,22,260,40,9-14-939_0_image,[-0.38472222 -0.04166667],1249.5457143001258,6.06159899989143,"9-14-939_0_image,9-14-679_1_image,9-14-679_0_image",True,down
269,22,7-28,22,241,80,7-28-317_1_image,[-0.06875    -0.03472222],1256.7379594999366,6.081384300021455,"7-28-558_0_image,7-28-317_1_image,7-28-317_0_image",False,up
270,22,19-20,22,481,80,19-20-901_0_image,[-0.06875    -0.03472222],1261.562634699978,3.7153290000278503,"19-20-420_1_image,19-20-901_0_image,19-20-420_0_image",True,down
271,22,20-27,22,460,80,20-27-776_0_image,[ 0.41666667 -0.06111111],1265.1538939001039,2.5044495000038296,"20-27-316_1_image,20-27-316_0_image,20-27-776_0_image",True,down
272,22,3-4,22,260,40,3-4-530_0_image,[ 0.0125     -0.04652778],1269.2338068999816,2.9814792000688612,"3-4-270_1_image,3-4-530_0_image,3-4-270_0_image",True,down
273,22,4-7,22,260,80,4-7-181_0_image,[-0.00277778 -0.06111111],1273.8738500999752,3.5348938000388443,"4-7-441_1_image,4-7-181_0_image,4-7-441_0_image",True,down
274,22,15-19,22,361,80,15-19-584_0_image,[ 0.35  -0.075],1279.6578576001339,4.698565199971199,"15-19-223_0_image,15-19-223_1_image,15-19-584_0_image",True,up
275,22,3-13,22,300,40,3-13-18_0_image,[ 0.12708333 -0.07361111],1283.3938472000882,2.629861499881372,"3-13-318_0_image,3-13-18_0_image,3-13-318_1_image",True,down
276,22,6-14,22,281,40,6-14-967_0_image,[ 0.12708333 -0.07152778],1289.8350979001261,5.333455899963155,"6-14-686_0_image,6-14-967_0_image,6-14-686_1_image",True,up
277,22,14-30,22,260,80,14-30-514_0_image,[ 0.12708333 -0.07152778],1293.0711459000595,2.132354399887845,"14-30-254_1_image,14-30-514_0_image,14-30-254_0_image",True,down
278,23,5-30,23,241,80,5-30-489_1_image,[ 0.12708333 -0.07152778],1297.3076452999376,3.0996664001140743,"5-30-489_0_image,5-30-489_1_image,5-30-248_0_image",False,up
279,23,6-14,23,281,40,6-14-285_0_image,[ 0.31805556 -0.06597222],1301.169798299903,2.758413199800998,"6-14-566_0_image,6-14-566_1_image,6-14-285_0_image",True,down
280,23,7-28,23,321,80,7-28-790_0_image,[-0.35069444 -0.05208333],1308.8577366999816,6.576677199918777,"7-28-790_0_image,7-28-469_1_image,7-28-469_0_image",True,up
281,23,9-14,23,220,40,9-14-501_0_image,[-0.07708333 -0.05      ],1315.4577814999502,5.520549700129777,"9-14-501_1_image,9-14-501_0_image,9-14-281_0_image",False,up
282,23,15-19,23,361,80,15-19-5_0_image,[ 0.39513889 -0.06875   ],1319.1378518999554,2.5769698000513017,"15-19-366_1_image,15-19-366_0_image,15-19-5_0_image",True,down
283,23,14-30,23,260,80,14-30-895_0_image,[ 0.10208333 -0.06388889],1324.7858601000626,4.540298599982634,"14-30-635_1_image,14-30-895_0_image,14-30-635_0_image",True,down
284,23,4-7,23,260,80,4-7-446_1_image,[ 0.10208333 -0.06388889],1332.8861364000477,7.002818400040269,"4-7-186_0_image,4-7-446_1_image,4-7-446_0_image",False,up
285,23,19-20,23,441,40,19-20-29_0_image,[-0.06805556 -0.06805556],1340.474071300123,6.484326499979943,"19-20-470_0_image,19-20-29_0_image,19-20-29_1_image",False,up
286,23,11-22,23,180,80,11-22-325_0_image,[-0.06805556 -0.06805556],1347.3812931999564,5.8021777998656034,"11-22-145_1_image,11-22-325_0_image,11-22-145_0_image",True,down
287,23,3-4,23,260,40,3-4-115_1_image,[-0.03472222 -0.06736111],1354.033771000104,5.549154200125486,"3-4-115_0_image,3-4-115_1_image,3-4-375_0_image",False,up
288,23,3-13,23,300,40,3-13-60_0_image,[-0.03472222 -0.06736111],1357.8730315999128,2.7303961000870913,"3-13-360_0_image,3-13-60_0_image,3-13-360_1_image",True,down
289,23,20-27,23,420,40,20-27-316_0_image,[-0.03472222 -0.06736111],1364.4112986999098,5.434954199939966,"20-27-736_0_image,20-27-316_0_image,20-27-736_1_image",True,down
290,24,5-30,24,321,80,5-30-497_0_image,[ 0.125 -0.075],1368.7938141999766,3.2454948001541197,"5-30-818_1_image,5-30-497_0_image,5-30-818_0_image",True,up
291,24,7-28,24,321,80,7-28-624_0_image,[-0.07152778 -0.025     ],1377.473818199942,7.588758100057021,"7-28-945_1_image,7-28-624_0_image,7-28-945_0_image",True,down
292,24,3-4,24,300,40,3-4-601_0_image,[ 0.33541667 -0.04166667],1382.3218443999067,3.746460200054571,"3-4-301_1_image,3-4-301_0_image,3-4-601_0_image",True,up
293,24,11-22,24,180,80,11-22-469_0_image,[-0.00416667 -0.04097222],1388.4018882000819,4.9726196001283824,"11-22-289_1_image,11-22-469_0_image,11-22-289_0_image",True,down
294,24,4-7,24,340,80,4-7-294_0_image,[-0.00416667 -0.04097222],1393.0899809999391,3.5874087000265718,"4-7-634_1_image,4-7-294_0_image,4-7-634_0_image",True,up
295,24,19-20,24,481,40,19-20-483_0_image,[-0.02986111 -0.05      ],1401.0579407000914,6.870154399890453,"19-20-2_0_image,19-20-483_0_image,19-20-2_1_image",True,up
296,24,15-19,24,321,40,15-19-934_0_image,[-0.02986111 -0.04930556],1409.8142542999703,7.6701080000493675,"15-19-613_0_image,15-19-934_0_image,15-19-934_1_image",False,up
297,24,9-14,24,260,40,,,,,"9-14-908_0_image,9-14-648_0_image,9-14-648_1_image",timeout,timeout
298,24,14-30,24,180,80,14-30-654_0_image,[-0.34722222 -0.06180556],1425.769766600104,6.411912799812853,"14-30-654_0_image,14-30-654_1_image,14-30-834_0_image",False,up
299,24,3-13,24,260,40,3-13-613_0_image,[ 0.39375    -0.09444444],1429.3778246999718,2.497200299985707,"3-13-873_0_image,3-13-873_1_image,3-13-613_0_image",True,down
300,24,6-14,24,261,20,6-14-305_0_image,[-0.40277778 -0.06527778],1432.577908599982,2.09441850008443,"6-14-305_0_image,6-14-566_1_image,6-14-566_0_image",True,down
301,24,20-27,24,420,40,20-27-483_0_image,[-0.02777778 -0.06736111],1435.6897795000114,2.019148600054905,"20-27-63_1_image,20-27-483_0_image,20-27-63_0_image",True,down
302,24,9-14,24,260,40,9-14-416_0_image,[ 0.40486111 -0.10277778],1440.7538407000247,3.9652626998722553,"9-14-156_0_image,9-14-156_1_image,9-14-416_0_image",True,up
303,25,3-4,25,300,40,3-4-526_0_image,[-0.31388889 -0.06458333],1449.1458394001238,7.236563200131059,"3-4-526_0_image,3-4-826_0_image,3-4-826_1_image",True,down
304,25,5-30,25,321,80,5-30-513_0_image,[-0.04236111 -0.04027778],1453.0578783999663,2.8252411999274045,"5-30-192_1_image,5-30-513_0_image,5-30-192_0_image",True,down
305,25,15-19,25,361,40,15-19-862_0_image,[-0.03472222 -0.03263889],1456.4419891999569,2.2896737998817116,"15-19-501_0_image,15-19-862_0_image,15-19-501_1_image",True,up
306,25,7-28,25,281,40,7-28-456_1_image,[-0.00902778 -0.03958333],1462.665817500092,5.144059500191361,"7-28-456_0_image,7-28-456_1_image,7-28-175_0_image",False,up
307,25,9-14,25,260,40,9-14-962_0_image,[-0.00902778 -0.03958333],1468.3110847000498,4.532769600162283,"9-14-702_0_image,9-14-962_0_image,9-14-962_1_image",False,up
308,25,11-22,25,100,80,11-22-63_0_image,[-0.00902778 -0.03958333],1471.6303008999676,2.2324816999025643,"11-22-63_1_image,11-22-63_0_image,11-22-163_0_image",False,up
309,25,19-20,25,481,40,19-20-44_0_image,[-0.00902778 -0.03958333],1477.451546000084,4.717721600085497,"19-20-525_0_image,19-20-44_0_image,19-20-44_1_image",False,up
310,25,3-13,25,260,40,3-13-901_0_image,[-0.03472222 -0.03611111],1482.7618889999576,4.206735000014305,"3-13-641_0_image,3-13-901_0_image,3-13-901_1_image",False,up
311,25,14-30,25,220,40,14-30-259_1_image,[-0.03472222 -0.03611111],1488.4435894000344,4.600870499853045,"14-30-479_0_image,14-30-259_1_image,14-30-259_0_image",False,up
312,25,6-14,25,261,20,6-14-560_0_image,[-0.03402778 -0.03194444],1493.7779375999235,4.2306890999898314,"6-14-299_1_image,6-14-560_0_image,6-14-299_0_image",True,down
313,25,20-27,25,380,40,20-27-551_0_image,[ 0.27916667 -0.07916667],1502.009824699955,7.139485600171611,"20-27-171_0_image,20-27-171_1_image,20-27-551_0_image",True,down
314,25,4-7,25,340,80,,,,,"4-7-860_0_image,4-7-860_1_image,4-7-520_0_image",timeout,timeout
315,25,4-7,25,340,80,4-7-788_1_image,[ 0.13402778 -0.06319444],1514.9859023001045,3.4377601000014693,"4-7-448_0_image,4-7-788_1_image,4-7-788_0_image",False,up
316,26,14-30,26,260,40,14-30-377_1_image,[ 0.13263889 -0.06319444],1518.2498284999747,2.1145518000703305,"14-30-377_0_image,14-30-377_1_image,14-30-637_0_image",False,up
317,26,5-30,26,281,40,5-30-347_0_image,[ 0.13263889 -0.0625    ],1524.1619585000444,4.8242269000038505,"5-30-347_1_image,5-30-347_0_image,5-30-628_0_image",False,up
318,26,15-19,26,361,40,15-19-493_0_image,[-0.36319444 -0.06180556],1529.72989409999,4.487422900041565,"15-19-493_0_image,15-19-132_0_image,15-19-132_1_image",True,down
319,26,9-14,26,300,40,9-14-506_1_image,[-0.35208333 -0.05138889],1537.7380534000695,6.922629300039262,"9-14-506_1_image,9-14-206_0_image,9-14-506_0_image",False,up
320,26,3-13,26,300,40,3-13-363_0_image,[ 0.40347222 -0.05416667],1545.6177924000658,6.781073900172487,"3-13-663_1_image,3-13-663_0_image,3-13-363_0_image",True,up
321,26,7-28,26,321,40,7-28-573_0_image,[ 0.44583333 -0.02916667],1551.7620630001184,5.03582530003041,"7-28-894_1_image,7-28-894_0_image,7-28-573_0_image",True,up
322,26,4-7,26,420,80,4-7-423_0_image,[ 0.11041667 -0.02777778],1555.8658114001155,3.0179920999798924,"4-7-843_0_image,4-7-423_0_image,4-7-843_1_image",True,up
323,26,3-4,26,280,20,,,,,"3-4-216_1_image,3-4-216_0_image,3-4-496_0_image",timeout,timeout
324,26,11-22,26,180,80,11-22-64_1_image,[ 0.11111111 -0.02638889],1571.377070199931,5.952502300031483,"11-22-64_0_image,11-22-64_1_image,11-22-244_0_image",False,up
325,26,20-27,26,380,40,20-27-618_0_image,[ 0.12430556 -0.00277778],1574.6658741999418,2.202431700192392,"20-27-238_0_image,20-27-618_0_image,20-27-618_1_image",False,up
326,26,19-20,26,521,40,19-20-55_0_image,[ 0.125      -0.00069444],1579.225955300033,3.441652099834755,"19-20-576_1_image,19-20-55_0_image,19-20-576_0_image",True,up
327,26,6-14,26,241,20,6-14-831_1_image,[ 0.125      -0.00069444],1588.1735594000202,7.8538202999625355,"6-14-590_0_image,6-14-831_1_image,6-14-831_0_image",False,up
328,26,3-4,26,280,20,3-4-20_1_image,[ 0.06944444 -0.12430556],1594.4019327000715,5.1250412000808865,"3-4-300_0_image,3-4-20_1_image,3-4-20_0_image",False,up
329,27,3-13,27,300,40,3-13-352_0_image,[-0.38333333 -0.06180556],1599.0338717999402,3.4853134001605213,"3-13-352_0_image,3-13-52_0_image,3-13-52_1_image",True,down
330,27,7-28,27,321,40,7-28-393_0_image,[-0.40277778 -0.06458333],1606.250120599987,6.1311470998916775,"7-28-393_0_image,7-28-72_1_image,7-28-72_0_image",True,down
331,27,19-20,27,521,40,19-20-618_0_image,[-0.40277778 -0.06458333],1614.0606325999834,6.702638100134209,"19-20-618_0_image,19-20-97_0_image,19-20-97_1_image",True,down
332,27,20-27,27,420,40,20-27-885_0_image,[ 0.01875    -0.10416667],1620.3858815000858,5.21998509997502,"20-27-465_0_image,20-27-885_0_image,20-27-885_1_image",False,up
333,27,14-30,27,300,40,14-30-353_1_image,[-0.05277778 -0.10972222],1626.9218429001048,5.43587310006842,"14-30-353_0_image,14-30-353_1_image,14-30-53_0_image",False,up
334,27,5-30,27,321,40,5-30-767_0_image,[ 0.02569444 -0.02986111],1631.7059567999095,3.6814337999094278,"5-30-446_1_image,5-30-767_0_image,5-30-446_0_image",True,up
335,27,9-14,27,340,40,9-14-364_1_image,[ 0.02569444 -0.02777778],1637.1957588999067,4.384099600138143,"9-14-364_0_image,9-14-364_1_image,9-14-704_0_image",False,up
336,27,4-7,27,420,80,4-7-505_1_image,[ 0.02569444 -0.02777778],1642.6667100999039,4.367318899836391,"4-7-85_0_image,4-7-505_1_image,4-7-505_0_image",False,up
337,27,15-19,27,341,20,15-19-596_0_image,[ 0.05625 -0.075  ],1648.4819032000378,4.711448900168762,"15-19-937_1_image,15-19-596_0_image,15-19-937_0_image",True,down
338,27,3-4,27,300,20,3-4-152_0_image,[ 0.05347222 -0.07777778],1654.5619950999971,4.9849537999834865,"3-4-452_0_image,3-4-152_0_image,3-4-152_1_image",False,up
339,27,6-14,27,261,20,6-14-391_0_image,[ 0.31041667 -0.10347222],1661.9698902999517,6.306590599939227,"6-14-652_0_image,6-14-652_1_image,6-14-391_0_image",True,up
340,27,11-22,27,260,80,11-22-20_1_image,[-0.07152778 -0.15277778],1669.9298070999794,6.860661300132051,"11-22-20_0_image,11-22-20_1_image,11-22-280_0_image",False,up
341,28,9-14,28,380,40,9-14-22_0_image,[-0.02847222 -0.09583333],1673.8737796000205,2.7981790001504123,"9-14-402_1_image,9-14-22_0_image,9-14-402_0_image",True,up
342,28,5-30,28,321,40,5-30-656_0_image,[ 0.29513889 -0.08402778],1680.7697763000615,5.807766500161961,"5-30-335_1_image,5-30-335_0_image,5-30-656_0_image",True,down
343,28,6-14,28,261,20,6-14-290_1_image,[ 0.09861111 -0.07152778],1688.6257796999998,6.758256800007075,"6-14-290_0_image,6-14-290_1_image,6-14-29_0_image",False,up
344,28,20-27,28,460,40,20-27-417_1_image,[ 0.10555556 -0.09861111],1694.865848599933,5.1405244001653045,"20-27-417_0_image,20-27-417_1_image,20-27-877_0_image",False,up
345,28,3-4,28,320,20,3-4-21_0_image,[ 0.12708333 -0.08541667],1701.6659143001307,5.703842499991879,"3-4-21_1_image,3-4-21_0_image,3-4-341_0_image",False,up
346,28,15-19,28,341,20,15-19-234_0_image,[-0.48472222 -0.04166667],1707.001972900005,4.251147800125182,"15-19-234_0_image,15-19-575_1_image,15-19-575_0_image",True,down
347,28,11-22,28,340,80,11-22-583_0_image,[-0.18263889 -0.04027778],1709.9938044999726,1.9053499000146985,"11-22-923_0_image,11-22-583_0_image,11-22-923_1_image",True,up
348,28,19-20,28,501,20,19-20-967_0_image,[-0.07569444 -0.08263889],1715.9137971000746,4.822956900112331,"19-20-466_1_image,19-20-967_0_image,19-20-466_0_image",True,down
349,28,3-13,28,280,20,,,,,"3-13-507_1_image,3-13-507_0_image,3-13-787_0_image",timeout,timeout
350,28,14-30,28,340,40,14-30-792_0_image,[-0.33958333 -0.09305556],1727.0177674000151,1.563380500068888,"14-30-792_0_image,14-30-452_0_image,14-30-452_1_image",True,up
351,28,7-28,28,301,20,7-28-615_1_image,[ 0.03194444 -0.07013889],1732.82586969994,4.704697799868882,"7-28-615_0_image,7-28-615_1_image,7-28-916_0_image",False,up
352,28,4-7,28,500,80,4-7-105_0_image,[ 0.03472222 -0.05694444],1735.7938973000273,1.8681832000147551,"4-7-605_1_image,4-7-105_0_image,4-7-605_0_image",True,up
353,28,3-13,28,280,20,3-13-974_0_image,[ 0.03472222 -0.05625   ],1739.5609627000522,2.6662455999758095,"3-13-694_1_image,3-13-974_0_image,3-13-694_0_image",True,down
354,29,11-22,29,340,80,11-22-973_0_image,[-0.36875    -0.02638889],1744.9618464999367,4.247678299900144,"11-22-973_0_image,11-22-633_1_image,11-22-633_0_image",True,down
355,29,6-14,29,281,20,6-14-59_1_image,[ 0.04305556 -0.05416667],1749.7539898999967,3.6852225000038743,"6-14-59_0_image,6-14-59_1_image,6-14-340_0_image",False,up
356,29,14-30,29,340,40,14-30-862_0_image,[ 0.04027778 -0.05833333],1757.2740257999394,6.416211399948224,"14-30-522_0_image,14-30-862_0_image,14-30-862_1_image",False,up
357,29,4-7,29,500,80,4-7-409_0_image,[-0.01875    -0.07638889],1760.1939576999284,1.815301900031045,"4-7-909_1_image,4-7-409_0_image,4-7-909_0_image",True,down
358,29,15-19,29,321,20,15-19-439_0_image,[-0.01388889 -0.02361111],1764.673904800089,3.393008899874985,"15-19-118_1_image,15-19-439_0_image,15-19-118_0_image",True,down
359,29,3-4,29,340,20,3-4-173_0_image,[-0.02569444 -0.07638889],1768.4178740000352,2.6498230998404324,"3-4-513_0_image,3-4-173_0_image,3-4-513_1_image",True,up
360,29,3-13,29,280,20,3-13-303_0_image,[ 0.33333333 -0.07083333],1773.8099048999138,4.289048200007528,"3-13-583_1_image,3-13-583_0_image,3-13-303_0_image",True,down
361,29,20-27,29,500,40,20-27-981_0_image,[-0.37222222 -0.08888889],1777.6258002000395,2.7173246999736875,"20-27-981_0_image,20-27-481_1_image,20-27-481_0_image",True,up
362,29,9-14,29,380,40,9-14-641_0_image,[-0.0125     -0.05833333],1780.9778271999676,2.264729500049725,"9-14-261_0_image,9-14-641_0_image,9-14-641_1_image",False,up
363,29,7-28,29,321,20,7-28-214_1_image,[-0.00763889 -0.07708333],1787.3063940999564,5.225513600045815,"7-28-214_0_image,7-28-214_1_image,7-28-535_0_image",False,up
364,29,5-30,29,301,20,5-30-56_1_image,[ 0.00347222 -0.04375   ],1792.3379033999518,3.9353471000213176,"5-30-56_0_image,5-30-56_1_image,5-30-357_0_image",False,up
365,29,19-20,29,501,20,19-20-145_1_image,[ 0.00763889 -0.05      ],1800.3261514999904,6.886165900155902,"19-20-145_0_image,19-20-145_1_image,19-20-646_0_image",False,up
